	сыпуч известь РП
0	-0.6998931260499267
2	-0.8182329689676143
4	2.074518746798085
5	-0.27912924012037044
6	1.4302240464684517
7	-0.37117134016746095
9	0.1547835172444843
10	0.14163464580918564
11	-0.4763623116498499
12	0.7859293461388188
13	-0.331724725861565
14	-0.4763623116498499
15	1.4039263035978544
17	0.9437158033624022
19	-0.9497216833206007
20	-0.9497216833206007
22	0.7727804747035198
23	-1.0943592691088857
26	-0.6735953831793293
27	2.5478781184688355
28	0.6412917603505337
29	-1.0286149119323924
30	-1.0286149119323924
31	-0.17393826863798145
32	0.29942110303276936
33	0.5755474031740405
34	-0.9365728118853021
35	0.312569974468068
36	-0.7393397403558224
38	-0.9365728118853021
39	-0.20023601150857856
40	0.6018451460446382
41	-0.1870871400732801
42	-0.1870871400732801
44	0.7596316032682215
45	0.12848577437388736
50	2.245454075456967
51	-0.8576795832735102
53	0.19423013155038021
54	-1.0943592691088857
55	-0.12134278289678686
56	-0.9497216833206007
59	0.4440586888210541
60	-0.9628705547558993
62	-0.1870871400732801
64	-0.23968262581447466
65	2.02192326105689
66	0.33886771733866533
67	-0.46321344021455124
70	-0.1870871400732801
72	-0.9891682976264966
73	1.206693232068375
75	-1.1075081405441842
76	-0.6209998974381348
77	-0.6209998974381348
79	-0.7393397403558224
80	-0.9628705547558993
81	-0.13449165433208551
85	0.707036117527027
86	-0.8445307118382116
87	-0.9497216833206007
88	-0.9365728118853021
89	0.9305669319271039
90	0.15478351724448466
93	-0.48951118308514835
96	0.1547835172444843
97	0.1547835172444843
98	-0.48951118308514835
99	-0.46321344021455124
101	-1.0417637833676912
102	-0.34487359729686345
104	0.5886962746093392
105	-0.9628705547558993
106	1.206693232068375
108	-0.14764052576738398
110	-0.9628705547558993
113	-0.31857585442626635
114	3.1921728187984684
115	0.6281428889152355
116	-0.3580224687321621
117	-0.22653375437917583
120	-1.0549126548029897
121	0.9700135462329995
123	0.1679323886797833
125	0.6149940174799364
127	0.12848577437388736
128	-1.081210397673587
130	-0.1870871400732801
131	-0.9628705547558993
132	0.4572075602563531
133	0.6018451460446382
135	0.08903916006799106
136	-0.31857585442626635
138	5.703607262940507
141	-0.1870871400732801
143	-1.0943592691088857
144	-0.9497216833206007
147	0.3914632030798599
148	-0.22653375437917583
151	-1.120657011979483
152	-0.9365728118853021
153	-0.5026600545204472
154	-0.5026600545204472
155	-0.17393826863798145
158	0.14163464580918564
159	-0.7656374832264197
160	-0.9365728118853021
161	-0.9497216833206007
162	-0.4500645687792526
163	-0.1870871400732801
166	1.561712760821438
167	0.29942110303276936
168	1.35133081785666
169	1.5748616322567368
170	1.246139846374271
171	-0.48951118308514835
173	-0.4763623116498499
174	1.4696706607743475
176	-1.0023171690617951
177	0.8122270890094161
178	-0.7919352260970169
179	-1.0943592691088857
180	5.190801276963861
181	2.653069089951225
182	0.7201849889623256
183	-0.7919352260970169
184	3.494596861810338
188	4.059998333528178
189	2.127114232539279
190	3.126428461621975
192	2.245454075456967
194	0.6544406317858324
195	1.5880105036920353
196	1.0226090319741945
197	1.8378390609627095
198	2.1928585897157724
199	0.6281428889152355
200	0.5361007888681449
203	-0.20023601150857856
204	-0.5289577973910444
205	-0.7656374832264197
206	-0.620999897438135
210	2.127114232539279
213	7.242025220870447
214	0.9831624176682981
215	0.07589028863269279
216	0.07589028863269279
217	-0.5026600545204472
218	0.11533690293858873
219	0.9831624176682981
220	0.7333338603976246
223	2.206007461151071
224	-0.976019426191198
225	-0.9102750690147048
227	-0.6998931260499267
230	-0.6604465117440307
231	-0.6735953831793293
233	-0.48951118308514835
235	-0.5158089259557458
238	-0.2528314972497731
239	-0.5026600545204472
241	0.023294802891498215
242	-0.7524886117911213
243	-0.7524886117911213
244	-0.9628705547558993
245	-0.5289577973910444
246	-0.6735953831793293
247	-0.831381840402913
248	-0.542106668826343
251	-0.4763623116498499
255	-0.7524886117911213
256	-0.7656374832264197
257	0.010145931456199572
258	1.0357579034094928
259	2.271751818327564
261	0.3651654602092626
262	-0.5552555402616416
264	4.7042930338578115
265	3.5471923475515323
266	-0.542106668826343
267	0.5361007888681449
268	0.06274141719739415
269	-0.2528314972497731
270	0.9568646747977012
271	0.06274141719739415
273	-0.7524886117911213
275	-1.1732524977206775
276	-0.976019426191198
277	-1.0286149119323924
279	0.48350530312695
280	-0.5158089259557458
281	-0.831381840402913
282	-0.5026600545204472
283	0.8253759604447147
284	-0.5289577973910444
285	-0.9497216833206007
286	-0.5552555402616416
288	-0.542106668826343
289	0.33886771733866533
290	-0.2133848829438772
291	0.18108126011508194
292	2.008774389621592
293	-0.5684044116969404
295	0.12848577437388736
296	0.19423013155038021
297	-0.3843202116027596
298	0.1547835172444843
299	-0.27912924012037044
300	-1.1732524977206775
301	-1.0417637833676912
302	-0.29227811155566885
303	-0.3580224687321621
304	-0.22653375437917583
305	-0.5026600545204472
308	-0.6735953831793293
311	-0.4106179544733567
312	0.08903916006799106
313	0.9700135462329995
316	-0.7524886117911213
317	-0.9628705547558993
318	1.4433729179037502
319	-0.5026600545204472
323	2.8634510329160023
325	0.838524831880013
326	-0.1870871400732801
332	-0.7393397403558224
334	-0.7393397403558224
335	0.20737900298567888
339	-0.5026600545204472
340	-0.37117134016746095
341	-0.5026600545204472
344	-0.9365728118853021
345	-0.4106179544733567
346	0.32571884590336664
347	1.206693232068375
349	0.41776094595045715
350	-0.726190868920524
351	0.48350530312695
352	-0.6604465117440307
353	-0.647297640308732
354	-0.5158089259557458
355	-1.2258479834618718
356	0.2731233601621721
357	-0.003002939979099073
358	-1.370485569250157
359	-0.726190868920524
361	-0.6604465117440307
362	0.47035643169165176
363	2.6136224756453283
366	-0.6735953831793293
370	-0.42376682590865533
372	-1.0680615262382884
373	-0.9497216833206007
374	-1.0023171690617951
375	-1.0154660404970939
377	-0.7524886117911213
378	0.3914632030798599
379	-0.726190868920524
380	0.37831433164456124
381	0.023294802891498215
382	0.1547835172444843
384	1.7063503466097232
386	0.6807383746564297
388	-0.016151811414397716
390	-0.7656374832264197
391	-0.8182329689676143
394	-0.7130419974852253
399	-0.647297640308732
400	-0.1870871400732801
401	-0.6735953831793293
402	-0.6735953831793293
403	-0.4763623116498499
404	0.2336767458562765
405	-0.08189616859089094
406	-0.6604465117440307
408	-0.5684044116969404
410	-0.6341487688734336
412	-1.6729096122620255
413	0.023294802891498215
414	-0.831381840402913
415	-0.3580224687321621
417	1.6669037323038272
418	-0.42376682590865533
419	-0.331724725861565
420	-0.42376682590865533
421	-0.2659803686850718
424	-0.647297640308732
425	-0.6604465117440307
426	2.363793918374655
427	-0.6341487688734336
429	-0.6341487688734336
430	0.4309098173857558
431	-0.8576795832735102
432	-0.8445307118382116
434	-0.8445307118382116
435	0.010145931456199572
436	-0.5684044116969404
438	-0.726190868920524
441	1.5222661465155425
442	0.8253759604447147
443	-0.9234239404500034
444	-1.0023171690617951
445	-0.9628705547558993
446	-1.1601036262853786
447	-0.9234239404500034
449	-0.6341487688734336
450	-1.0023171690617951
452	-0.647297640308732
453	-0.6341487688734336
454	0.18108126011508194
455	-0.8576795832735102
456	0.29942110303276936
457	-0.2659803686850718
460	-0.6209998974381348
461	0.891120317621208
463	-0.6998931260499267
464	-0.2528314972497731
465	-0.27912924012037044
466	-0.5815532831322391
467	-0.27912924012037044
468	0.4309098173857558
469	-0.3054269829909677
472	1.9035834181392028
473	-0.5158089259557458
474	-0.647297640308732
475	0.47035643169165137
476	1.6406059894332299
477	-0.7130419974852253
478	-0.39746908303805806
480	-0.14764052576738398
482	-0.8576795832735102
484	-0.976019426191198
485	-0.8839773261441075
486	-0.7787863546617185
487	-0.7919352260970169
491	-0.8839773261441075
493	-1.0286149119323924
494	-1.0023171690617951
495	-1.0023171690617951
496	-1.1075081405441842
498	-0.6998931260499267
499	-0.05559842572029365
500	-0.7524886117911213
501	-0.8182329689676143
502	-0.8182329689676143
503	-0.8050840975323156
504	-0.7656374832264197
505	-0.8971261975794061
506	-0.831381840402913
508	-0.8182329689676143
510	-0.8050840975323156
512	-0.6735953831793293
513	0.06274141719739415
515	-0.9628705547558993
517	-0.7393397403558224
521	-0.5289577973910444
522	-0.6341487688734336
523	-0.7524886117911213
526	-0.6867442546146281
528	-0.9234239404500034
529	-0.7787863546617185
531	-0.8576795832735102
532	1.272437589244868
533	0.9700135462329995
535	-0.6735953831793293
536	-0.8182329689676143
537	-0.6867442546146281
538	-0.7919352260970169
539	-0.9497216833206007
541	-1.0943592691088857
542	-1.1075081405441842
544	-0.9628705547558993
545	-0.9497216833206007
546	-0.9234239404500034
549	-0.34487359729686345
552	-0.7524886117911213
554	-0.7130419974852253
555	-0.6867442546146281
556	-0.6735953831793293
558	-0.831381840402913
559	-1.0023171690617951
560	-0.7919352260970169
562	-0.3054269829909677
563	-0.1870871400732801
564	-1.2126991120265733
565	-1.3047412120736637
566	-1.081210397673587
567	-0.8708284547088089
568	-0.8182329689676143
569	-1.0023171690617951
570	-0.7393397403558224
571	-0.8050840975323156
573	-0.8708284547088089
574	-0.8708284547088089
575	-0.16078939720268262
576	-1.1601036262853786
577	-0.7524886117911213
578	-1.081210397673587
581	-0.29227811155566885
582	-1.1995502405912746
584	-0.7130419974852253
585	-1.0023171690617951
586	-1.0154660404970939
588	-1.0154660404970939
589	-0.14764052576738398
590	-1.3836344406854557
591	-1.1469547548500802
592	-1.0680615262382884
593	-1.43622992642665
597	-1.0680615262382884
598	-1.0023171690617951
599	-1.1601036262853786
600	-0.9234239404500034
601	-0.8576795832735102
602	-1.0154660404970939
603	-0.7787863546617185
606	-0.8576795832735102
607	-0.8708284547088089
610	-0.27912924012037044
611	-0.7393397403558224
613	-1.0154660404970937
615	-0.8576795832735102
616	-1.0680615262382884
617	-1.1338058834147813
618	-1.0549126548029897
619	-1.0680615262382884
620	-1.0680615262382884
621	-1.0680615262382884
622	-0.9234239404500034
623	-1.0680615262382884
624	-0.8576795832735102
625	-0.9234239404500034
626	-1.0154660404970937
628	-1.0154660404970939
629	-1.0680615262382884
630	-1.0680615262382884
631	-1.0286149119323924
632	-1.0154660404970939
633	-1.0154660404970939
634	-1.0023171690617951
636	-0.6867442546146281
637	1.0226090319741945
638	-0.9628705547558993
639	-0.6867442546146281
640	-0.8839773261441075
641	-0.9102750690147048
642	-0.8708284547088089
643	-1.1732524977206775
644	-1.1338058834147813
645	-1.0286149119323924
646	-1.0549126548029897
647	-1.120657011979483
649	-1.2915923406383651
651	-1.2784434692030664
652	-1.1732524977206775
653	-1.186401369155976
655	-1.0417637833676912
656	-1.081210397673587
657	-1.081210397673587
658	-1.0286149119323924
659	-1.0154660404970939
660	-0.8839773261441075
661	0.036443674326796856
664	-0.43691569734395413
665	-1.0023171690617951
666	-0.9497216833206007
669	-0.6078510260028361
671	-1.3047412120736637
673	-0.7524886117911213
674	-0.8839773261441075
675	2.127114232539279
677	-0.7393397403558224
679	-0.8708284547088089
680	-1.1338058834147813
683	-0.7261908689205238
684	-0.6735953831793293
686	-0.6735953831793293
687	-1.0154660404970939
688	-1.0286149119323924
690	-1.0154660404970939
691	0.8516737033153121
695	-1.0680615262382884
696	0.35201658877396397
697	-1.0154660404970939
699	-0.46321344021455124
700	-0.8839773261441075
701	-1.1732524977206775
703	-1.0286149119323924
704	-0.8839773261441075
705	-0.9891682976264966
706	2.902897647221899
707	-0.6735953831793293
709	-1.1732524977206775
713	-0.7524886117911213
714	-0.6604465117440307
716	-0.9628705547558993
717	-0.976019426191198
719	-0.6604465117440307
721	-0.003002939979099073
722	-0.6735953831793293
726	-0.3580224687321621
728	-0.5158089259557458
729	-0.7656374832264197
730	-1.0417637833676912
731	-1.0417637833676912
735	-1.0943592691088857
736	-1.1601036262853786
737	-1.0286149119323924
738	-1.0286149119323924
739	-1.0417637833676912
740	-1.1601036262853786
741	-1.2258479834618718
742	-1.0154660404970939
743	-0.7393397403558224
744	-1.1469547548500802
745	-1.0154660404970939
746	-0.9365728118853021
747	-1.3178900835089624
752	-0.8971261975794061
753	-1.0154660404970939
754	-1.0023171690617951
755	-0.9628705547558993
756	1.5222661465155425
757	-0.7393397403558224
758	-0.7393397403558224
759	0.2731233601621721
761	-1.2784434692030664
762	-0.6341487688734336
763	-0.39746908303805806
764	-0.8971261975794061
766	-0.8971261975794061
767	-1.1601036262853786
768	-0.8839773261441075
771	1.5485638893861395
772	-1.0023171690617951
774	-1.0154660404970939
775	-1.0286149119323924
776	-1.0154660404970939
777	-1.186401369155976
778	-1.0154660404970937
779	-0.7393397403558224
780	0.07589028863269279
782	-0.8708284547088089
784	-0.48951118308514835
786	0.2336767458562765
787	-0.7524886117911213
788	-0.8708284547088089
790	-0.9365728118853021
791	-1.1338058834147813
792	-0.1870871400732801
793	-0.8708284547088089
797	-1.1601036262853786
800	-0.7393397403558224
802	0.036443674326796856
804	-0.7393397403558224
805	-1.0023171690617951
806	-0.726190868920524
808	-0.8708284547088089
809	-0.46321344021455124
810	-1.0154660404970939
811	-0.6604465117440307
812	-1.0023171690617951
813	-0.6604465117440307
814	-0.29227811155566885
816	-1.1469547548500802
817	-1.1732524977206775
818	-0.7130419974852253
819	-1.0023171690617951
820	-0.02930068284969636
821	-0.31857585442626635
823	1.601159375127334
825	-0.27912924012037044
827	1.7457969609156192
828	-0.6604465117440307
829	0.3914632030798599
832	-0.2133848829438772
834	-0.8971261975794061
836	-0.39746908303805806
837	-0.8971261975794061
839	-1.1732524977206775
840	1.9693277753156961
842	-0.6209998974381348
843	-0.8839773261441075
844	-0.8839773261441075
845	2.376942789809953
846	-0.8839773261441075
847	-0.7524886117911213
850	-1.0023171690617951
853	-0.6867442546146281
854	-1.0417637833676912
855	-0.2133848829438772
856	-0.6867442546146281
860	0.19423013155038021
861	-0.6604465117440307
862	-1.0286149119323924
865	-0.4500645687792526
866	-1.0286149119323924
867	0.2862722315974707
868	-0.8971261975794061
869	2.3374961755040573
870	0.9042691890565062
871	-0.8971261975794061
873	-0.2133848829438772
874	-1.0286149119323924
876	1.0357579034094928
877	-0.7393397403558224
879	-0.48951118308514835
880	0.7859293461388188
882	0.2336767458562765
883	-0.8708284547088089
889	-0.8839773261441075
890	0.9305669319271039
893	-1.0154660404970939
895	-0.8971261975794061
897	-1.0943592691088857
898	-1.0680615262382884
899	0.010145931456199572
900	-1.0417637833676912
901	-0.6604465117440307
902	-1.0286149119323924
903	-1.0549126548029897
904	-0.6867442546146281
905	-0.8839773261441075
906	-1.0286149119323924
907	-0.831381840402913
908	-0.8839773261441075
909	-0.9497216833206007
911	-0.8839773261441075
912	-0.8839773261441075
914	-0.7393397403558224
915	-0.17393826863798145
916	-0.8839773261441075
917	-0.8971261975794061
920	-0.8839773261441075
921	-1.0154660404970939
922	0.7727804747035198
923	-0.31857585442626635
924	-0.7393397403558224
925	-0.02930068284969636
926	0.08903916006799106
927	-0.6998931260499267
928	-0.05559842572029365
929	-0.8971261975794061
930	-0.8839773261441075
932	-0.2133848829438772
933	-0.5026600545204472
934	-0.7393397403558224
936	-0.9628705547558993
937	-0.9497216833206007
938	2.758260061433614
940	-0.3580224687321621
941	-0.31857585442626635
942	-0.6341487688734336
943	-1.0943592691088857
946	-1.0286149119323924
947	-0.34487359729686345
948	-0.1870871400732801
949	-0.8708284547088089
950	-0.8708284547088089
951	-1.0154660404970939
952	-1.0286149119323924
955	-1.0154660404970939
956	-1.0023171690617951
957	-1.1732524977206775
960	-1.1732524977206775
964	-0.37117134016746095
965	0.5229519174328463
968	-0.8708284547088089
969	-0.8708284547088089
971	-0.8576795832735102
972	-0.4500645687792526
974	-0.8708284547088089
975	-1.0154660404970939
976	-0.8839773261441075
977	-1.1732524977206775
982	-0.8839773261441075
983	0.010145931456199572
984	-0.8839773261441075
986	-0.6735953831793293
987	-0.6604465117440307
990	-0.37117134016746095
991	-1.1732524977206775
993	-0.7393397403558224
994	-0.8708284547088089
995	-0.8050840975323156
996	0.0495925457620955
997	-0.7919352260970169
998	-0.7393397403558224
999	-0.7393397403558224
1000	-0.542106668826343
1002	0.2862722315974707
1004	-0.016151811414397716
1005	-0.3054269829909677
1006	-0.6604465117440307
1008	-0.003002939979099073
1009	-0.016151811414397716
1010	0.07589028863269279
1012	0.5098030459975473
1014	0.6149940174799364
1016	-1.0286149119323924
1017	-0.8839773261441075
1018	-0.8708284547088089
1019	-0.6735953831793293
1020	0.11533690293858873
1024	-1.186401369155976
1025	-0.647297640308732
1026	-0.6735953831793293
1027	-0.5947021545675375
1028	-0.9497216833206007
1030	-1.0680615262382884
1032	-1.0023171690617951
1033	-0.8576795832735102
1034	-0.831381840402913
1035	-0.8708284547088089
1037	-0.13449165433208551
1038	0.036443674326796856
1039	0.023294802891498215
1041	-1.0417637833676912
1042	-1.1469547548500802
1043	0.4046120745151585
1044	-1.1469547548500802
1046	-1.0680615262382884
1047	-1.1601036262853786
1048	-0.14764052576738398
1050	-0.7393397403558224
1051	-0.5552555402616416
1052	0.0495925457620955
1055	-0.647297640308732
1056	0.7333338603976246
1057	-0.6604465117440307
1058	-0.6604465117440307
1059	-1.0286149119323924
1060	0.036443674326796856
1061	-0.6735953831793293
1062	0.010145931456199572
1064	-0.04244955428499501
1065	-0.06874729715559229
1066	0.6675895032211314
1068	0.7990782175741175
1071	-0.3054269829909677
1072	0.036443674326796856
1074	2.468984889857044
1076	2.2849006897628628
1078	0.19423013155038021
1079	-1.0286149119323924
1080	0.036443674326796856
1081	-0.6735953831793293
1082	-1.0154660404970939
1083	-0.8971261975794061
1084	-0.02930068284969636
1085	-1.0154660404970939
1086	-1.0286149119323924
1087	0.5492496603034432
1088	-0.02930068284969636
1089	1.232990974938972
1090	-0.05559842572029365
1094	-0.016151811414397716
1096	-0.02930068284969636
1097	-0.08189616859089094
1098	0.0495925457620955
1100	-0.10819391146148823
1101	-0.016151811414397716
1104	2.1928585897157724
1106	-1.1732524977206775
1107	-1.1732524977206775
1108	-1.1469547548500802
1109	-1.0286149119323924
1110	-0.6604465117440307
1111	-0.6867442546146281
1114	-0.6604465117440307
1115	-0.02930068284969636
1116	-1.1601036262853786
1117	-1.0286149119323924
1118	-1.0154660404970939
1119	-1.0286149119323924
1120	-0.6735953831793293
1121	0.023294802891498215
1122	-0.647297640308732
1123	0.3651654602092626
1124	-0.6735953831793293
1125	-0.6735953831793293
1126	1.1015022605859859
1127	1.0883533891506874
1128	0.3914632030798599
1129	0.9831624176682981
1130	-0.542106668826343
1131	-1.0286149119323924
1132	-0.8708284547088089
1133	0.2468256172915748
1136	-0.27912924012037044
1138	-0.5552555402616416
1139	-0.5552555402616416
1142	1.246139846374271
1143	0.47035643169165176
1145	0.312569974468068
1146	0.4046120745151585
1147	0.22052787442097752
1149	-0.6341487688734336
1150	-0.5815532831322391
1151	-0.0950450400261894
1152	-0.003002939979099073
1153	-0.016151811414397716
1154	-0.016151811414397716
1155	0.29942110303276936
1156	-0.0950450400261894
1158	-0.5684044116969404
1159	0.838524831880013
1160	0.14163464580918564
1161	0.12848577437388736
1162	-0.5815532831322391
1163	0.06274141719739415
1164	-0.6735953831793293
1165	0.023294802891498215
1166	-0.8182329689676143
1167	-1.0286149119323924
1168	-1.0286149119323924
1170	-1.0154660404970939
1171	-0.8445307118382116
1177	0.29942110303276936
1178	0.37831433164456124
1179	-0.726190868920524
1180	0.29942110303276936
1181	-0.8971261975794061
1182	-0.5552555402616416
1183	-1.0943592691088857
1184	-1.1732524977206775
1186	-1.1732524977206775
1187	-1.186401369155976
1188	-1.1601036262853786
1189	-1.1995502405912746
1190	-0.6735953831793293
1191	0.37831433164456124
1192	-0.6867442546146281
1193	-0.6604465117440307
1195	1.0752045177153886
1200	-0.647297640308732
1201	-0.6341487688734336
1203	0.7859293461388188
1205	0.47035643169165176
1206	-0.5684044116969404
1207	-0.37117134016746095
1210	-0.5684044116969404
1211	-0.5026600545204472
1212	-0.5684044116969404
1213	0.08903916006799106
1215	-0.5684044116969404
1220	1.4565217893390494
1221	-0.6735953831793293
1223	-0.6735953831793293
1225	-0.6604465117440307
1229	-0.8708284547088089
1230	-1.186401369155976
1232	-0.3054269829909677
1233	-0.5684044116969404
1234	-0.5552555402616416
1235	-0.331724725861565
1236	-0.6078510260028361
1239	-0.8576795832735102
1242	-0.6341487688734336
1244	-0.647297640308732
1246	-0.5552555402616416
1247	1.5485638893861395
1248	-0.5684044116969404
1249	-0.5552555402616416
1251	0.2468256172915748
1252	0.41776094595045715
1254	-0.5552555402616416
1256	-0.5815532831322391
1257	-0.5815532831322391
1258	-0.5815532831322391
1259	-0.8708284547088089
1260	-1.0023171690617951
1261	-0.6604465117440307
1262	-1.0154660404970939
1263	-0.647297640308732
1264	0.4046120745151585
1266	-0.726190868920524
1268	-0.8708284547088089
1269	-1.0154660404970939
1271	-0.8839773261441075
1272	-0.6078510260028361
1273	-0.04244955428499501
1274	-0.6867442546146281
1275	-0.5815532831322391
1276	-0.8576795832735102
1279	0.5623985317387422
1282	0.47035643169165176
1283	-0.9497216833206007
1284	-1.0943592691088857
1285	-0.8182329689676143
1288	0.023294802891498215
1289	-0.6604465117440307
1290	-0.6604465117440307
1291	-0.6735953831793293
1292	0.3914632030798599
1293	-0.6735953831793293
1295	-0.6341487688734336
1296	-0.6078510260028361
1297	-1.0154660404970939
1298	-0.9891682976264966
1299	0.20737900298567888
1302	0.2862722315974707
1304	1.4302240464684517
1306	0.5492496603034432
1307	-0.5684044116969404
1308	0.036443674326796856
1309	0.6018451460446382
1313	-1.0023171690617951
1314	-0.647297640308732
1317	-0.6078510260028361
1318	-0.647297640308732
1319	-0.647297640308732
1320	-0.647297640308732
1321	-0.6341487688734336
1323	0.11533690293858873
1326	-1.0154660404970939
1327	-0.8971261975794061
1329	-0.5815532831322391
1330	1.719499218045022
1331	0.2862722315974707
1332	0.1547835172444843
1333	-0.8050840975323156
1334	-0.8839773261441075
1336	1.3907774321625561
1338	0.08903916006799106
1339	-0.6604465117440307
1341	1.4302240464684517
1342	1.561712760821438
1343	-0.7524886117911213
1344	-0.6209998974381348
1345	0.33886771733866533
1349	0.2862722315974707
1350	0.9700135462329995
1351	1.3118842035507643
1356	1.0226090319741945
1357	-0.6209998974381348
1358	-0.8971261975794061
1359	0.838524831880013
1360	1.4302240464684517
1361	0.3651654602092626
1362	1.4433729179037502
1363	0.37831433164456124
1365	0.4046120745151585
1366	-0.5552555402616416
1367	-0.23968262581447466
1368	-0.5158089259557458
1370	-0.8576795832735102
1371	0.25997448872687345
1372	-0.8708284547088089
1374	-0.7787863546617185
1375	1.0883533891506874
1376	-0.6998931260499267
1378	0.2468256172915748
1379	-0.542106668826343
1381	-1.0154660404970939
1383	-0.6078510260028361
1384	-0.6604465117440307
1385	0.023294802891498215
1389	0.3651654602092626
1390	-1.0417637833676912
1392	-0.05559842572029365
1393	-1.0549126548029897
1394	0.1679323886797833
1396	-0.6735953831793293
1397	-0.6735953831793293
1398	-0.5815532831322391
1399	0.11533690293858873
1401	-0.6735953831793293
1403	0.47035643169165176
1404	0.48350530312695
1405	0.9831624176682981
1406	0.7201849889623256
1407	1.2198421035036737
1408	1.1935443606330765
1409	-0.27912924012037044
1412	0.20737900298567888
1413	0.5098030459975473
1415	1.1540977463271804
1418	1.719499218045022
1420	-0.5947021545675375
1421	-0.08189616859089094
1425	0.37831433164456124
1428	0.2336767458562765
1431	0.2336767458562765
1432	-0.6735953831793293
1433	3.100130718751378
1434	-0.6998931260499267
1435	-0.16078939720268262
1436	0.7990782175741175
1437	-0.6867442546146281
1438	-0.6735953831793293
1441	-0.43691569734395413
1442	0.6018451460446382
1443	2.074518746798085
1444	1.2592887178095697
1445	0.5229519174328463
1447	0.4046120745151585
1449	0.25997448872687345
1450	0.1547835172444843
1451	0.33886771733866533
1454	-0.5947021545675375
1455	0.22052787442097752
1457	2.1139653611039813
1458	3.100130718751378
1459	0.19423013155038021
1461	-0.46321344021455124
1462	-0.6998931260499267
1463	0.33886771733866533
1464	-0.34487359729686345
1466	-0.3580224687321621
1467	-1.0154660404970939
1470	0.08903916006799106
1471	1.7457969609156192
1472	-0.08189616859089094
1474	1.206693232068375
1475	0.5098030459975473
1476	0.2336767458562765
1478	-0.4763623116498499
1479	-0.4500645687792526
1480	-0.7524886117911213
1482	0.6544406317858324
1486	-0.4500645687792526
1487	0.2336767458562765
1489	1.3644796892919584
1491	-0.6078510260028361
1493	0.49665417456224903
1494	0.312569974468068
1495	0.35201658877396397
1497	0.37831433164456124
1498	0.7990782175741175
1500	0.9042691890565062
1503	0.3651654602092626
1504	0.08903916006799106
1505	-0.04244955428499501
1506	-0.31857585442626635
1507	-0.331724725861565
1508	-0.7393397403558224
1509	0.7727804747035198
1510	-0.5158089259557458
1511	1.4039263035978544
1513	-0.6867442546146281
1514	-0.6867442546146281
1515	-0.6867442546146281
1516	-0.4500645687792526
1517	-1.0286149119323924
1519	-1.0286149119323924
1520	0.08903916006799106
1521	0.37831433164456124
1523	0.22052787442097752
1528	-0.7656374832264197
1530	-0.06874729715559229
1531	1.601159375127334
1533	2.127114232539279
1535	0.5229519174328463
1536	0.14163464580918564
1538	-1.0286149119323924
1540	-0.4500645687792526
1541	-0.43691569734395413
1542	-1.3967833121207542
1544	0.3651654602092626
1545	-0.6604465117440307
1546	-0.9497216833206007
1549	-1.3178900835089624
1551	-0.5947021545675375
1552	1.1803954891977777
1553	1.206693232068375
1554	-0.04244955428499501
1557	-0.2133848829438772
1558	-0.34487359729686345
1559	-0.7393397403558224
1560	-0.34487359729686345
1561	-0.04244955428499501
1562	-1.0286149119323924
1563	-0.726190868920524
1564	-0.3580224687321621
1565	-0.331724725861565
1566	0.6544406317858324
1568	0.7727804747035198
1571	-0.5026600545204472
1572	-0.6735953831793293
1573	-1.0417637833676912
1574	0.20737900298567888
1575	-0.6998931260499267
1577	-0.5947021545675375
1580	4.664846419551916
1581	-0.05559842572029365
1582	0.33886771733866533
1584	3.257917175974961
1585	-0.08189616859089094
1588	0.7464827318329229
1589	-0.39746908303805806
1590	-0.08189616859089094
1592	-0.08189616859089094
1594	1.0883533891506874
1595	-0.06874729715559229
1596	-1.0549126548029897
1597	-0.6209998974381348
1598	-0.7656374832264197
1599	-1.3441878263795597
1601	0.12848577437388736
1602	0.9305669319271039
1603	1.495968403644945
1605	-0.8839773261441075
1606	-0.726190868920524
1607	1.0489067748447913
1611	1.6143082465626326
1612	0.8122270890094161
1613	0.7464827318329229
1614	1.5880105036920353
1615	0.2336767458562765
1616	-0.12134278289678686
1617	-0.05559842572029365
1618	-0.05559842572029365
1619	-0.05559842572029365
1620	-0.06874729715559229
1622	-0.7524886117911213
1627	0.19423013155038021
1628	-0.5815532831322391
1629	-0.46321344021455124
1630	0.19423013155038021
1631	1.2987353321154653
1632	-0.752488611791121
1633	-0.04244955428499501
1634	-0.22653375437917583
1635	0.7990782175741175
1636	-0.003002939979099073
1637	0.010145931456199572
1638	-0.23968262581447466
1640	-0.27912924012037044
1642	-0.016151811414397716
1643	-0.10819391146148823
1644	0.8253759604447147
1645	0.838524831880013
1646	0.22052787442097752
1648	-1.0417637833676912
1649	0.20737900298567888
1650	-1.0549126548029897
1651	-0.46321344021455124
1652	-0.9102750690147048
1653	-0.10819391146148823
1654	0.33886771733866533
1655	-0.0950450400261894
1658	-0.6078510260028361
1659	-0.46321344021455124
1660	-0.6078510260028361
1661	1.3644796892919584
1662	-0.46321344021455124
1664	-0.5815532831322391
1666	0.06274141719739415
1667	-0.5947021545675375
1669	0.35201658877396397
1670	-0.6472976403087323
1671	0.32571884590336664
1672	-0.05559842572029365
1675	-0.37117134016746095
1676	-0.3054269829909677
1677	-0.7393397403558224
1678	-0.7393397403558224
1683	0.7596316032682215
1684	0.8648225747506108
1685	2.7451111899983145
1688	-0.4500645687792526
1689	-0.5815532831322391
1691	-0.31857585442626635
1693	0.7990782175741175
1694	-0.8708284547088089
1696	-0.23968262581447466
1697	-0.7656374832264197
1698	0.07589028863269279
1700	-0.31857585442626635
1704	0.10218803150329007
1705	0.22052787442097752
1706	-0.016151811414397716
1707	-0.726190868920524
1711	-0.8445307118382116
1714	0.2336767458562765
1715	0.25997448872687345
1716	-0.331724725861565
1717	-0.331724725861565
1718	-0.331724725861565
1719	-0.6735953831793293
1721	-0.4500645687792526
1722	-0.46321344021455124
1723	2.0876676182333833
1725	0.6149940174799364
1726	-0.5684044116969404
1727	-0.43691569734395413
1728	0.6281428889152355
1729	-0.43691569734395413
1731	0.2862722315974707
1732	0.2468256172915748
1733	0.25997448872687345
1735	0.22052787442097752
1736	-0.7393397403558224
1737	1.1278000034565836
1738	2.8240044186101065
1739	0.18108126011508194
1740	0.19423013155038021
1741	1.0489067748447913
1742	0.19423013155038021
1743	-0.2133848829438772
1744	0.036443674326796856
1746	0.37831433164456124
1747	2.127114232539279
1748	1.1146511320212846
1749	1.6143082465626326
1750	0.5229519174328463
1751	-0.5815532831322391
1752	0.3651654602092626
1753	-0.4500645687792526
1754	-0.5684044116969404
1755	-0.6735953831793293
1756	0.6412917603505337
1757	-0.5815532831322391
1760	1.680052603739126
1762	-0.02930068284969636
1763	0.7990782175741175
1764	-0.5815532831322391
1765	-0.05559842572029365
1766	3.257917175974961
1767	1.3381819464213611
1769	0.37831433164456124
1770	-0.06874729715559229
1771	-0.05559842572029365
1772	-0.06874729715559229
1773	1.1015022605859859
1774	1.9956255181862925
1778	-0.05559842572029365
1779	0.25997448872687345
1780	-0.7524886117911213
1781	-0.5815532831322391
1782	-0.8708284547088089
1784	-0.7130419974852253
1785	-0.7130419974852253
1787	-0.20023601150857856
1790	0.023294802891498215
1791	-0.14764052576738398
1792	-0.0950450400261894
1794	0.22052787442097752
1795	-0.20023601150857856
1796	1.285586460680167
1799	0.25997448872687345
1800	2.1139653611039813
1802	0.14163464580918564
1803	-0.04244955428499501
1807	-0.05559842572029365
1808	-0.05559842572029365
1811	0.4572075602563531
1813	-0.5947021545675375
1814	-0.4500645687792526
1816	-0.46321344021455124
1817	-0.6604465117440307
1818	0.2336767458562765
1820	-0.6341487688734336
1821	2.6267713470806275
1822	0.11533690293858873
1824	0.22052787442097752
1826	1.1672466177624787
1827	0.2468256172915748
1828	-0.7524886117911213
1830	0.19423013155038021
1832	0.2468256172915748
1833	-0.46321344021455124
1834	0.8122270890094161
1835	-0.4500645687792526
1836	-0.46321344021455124
1837	0.5098030459975473
1839	-0.5947021545675375
1840	-0.5815532831322391
1841	0.2336767458562765
1842	-0.43691569734395413
1843	-0.5815532831322391
1844	-0.4500645687792526
1845	0.5229519174328463
1847	-0.6604465117440307
1848	0.22052787442097752
1849	-1.0286149119323924
1850	-1.0154660404970939
1851	-0.8708284547088089
1853	-0.7393397403558224
1854	-0.5815532831322391
1856	-0.31857585442626635
1858	0.49665417456224903
1860	-0.43691569734395413
1861	-0.5552555402616416
1862	-0.6604465117440307
1863	-1.0286149119323924
1864	-0.5684044116969404
1866	-0.7130419974852253
1867	0.5623985317387422
1868	0.37831433164456124
1869	-0.016151811414397716
1870	0.10218803150329007
1871	0.19423013155038021
1872	-0.20023601150857856
1873	-0.4500645687792526
1874	0.0495925457620955
1875	-0.05559842572029365
1876	0.023294802891498215
1877	0.06274141719739415
1878	0.19423013155038021
1880	-0.04244955428499501
1882	-0.8839773261441075
1883	-0.726190868920524
1884	-0.8839773261441075
1885	-0.8839773261441075
1886	-0.331724725861565
1887	-0.05559842572029365
1888	-0.39746908303805806
1890	-0.3843202116027596
1891	-1.0417637833676912
1894	-1.0154660404970939
1895	-0.05559842572029365
1896	-0.5684044116969404
1897	-0.43691569734395413
1899	-0.8839773261441075
1900	-0.726190868920524
1901	-0.6604465117440309
1902	-0.6604465117440307
1904	-0.6735953831793293
1905	-0.6735953831793293
1906	0.010145931456199572
1907	-0.5815532831322391
1908	-0.42376682590865533
1910	1.4565217893390494
1911	-0.7393397403558224
1912	0.10218803150329007
1914	-0.7524886117911213
1916	-0.27912924012037044
1917	-0.9102750690147048
1918	-0.7524886117911213
1919	-0.05559842572029365
1920	0.19423013155038021
1921	1.0357579034094928
1922	0.9568646747977012
1923	1.8904345467039034
1924	-0.04244955428499501
1925	-0.8576795832735102
1926	-0.7656374832264197
1927	-0.8971261975794061
1928	-0.7393397403558224
1929	-1.0286149119323924
1930	-0.6735953831793293
1931	-0.42376682590865533
1932	-0.016151811414397716
1933	-0.6078510260028361
1934	0.5098030459975473
1935	1.6537548608685286
1936	2.653069089951225
1938	0.5098030459975473
1939	-1.43622992642665
1941	1.0883533891506874
1943	-0.9628705547558993
1945	-0.4500645687792526
1946	-0.5684044116969404
1947	0.6281428889152355
1950	2.376942789809953
1952	-0.331724725861565
1953	0.2731233601621721
1954	-0.39746908303805806
1956	0.18108126011508194
1957	-0.003002939979099073
1958	-0.4500645687792526
1959	-0.02930068284969636
1961	0.08903916006799106
1962	-0.3843202116027596
1964	0.22052787442097752
1966	-0.13449165433208551
1967	-0.08189616859089094
1968	-0.3054269829909677
1969	0.1679323886797833
1972	0.2862722315974707
1973	0.036443674326796856
1975	0.07589028863269279
1976	-0.04244955428499501
1977	0.4440586888210541
1978	0.4572075602563531
1980	0.7727804747035198
1981	0.11533690293858873
1985	-0.4500645687792526
1986	-0.4500645687792526
1988	2.6004736042100296
1990	-0.43691569734395413
1991	0.7464827318329229
1992	-0.5815532831322391
1993	-0.43691569734395413
1995	-0.39746908303805806
1996	-0.43691569734395413
1997	-0.4500645687792526
1998	-0.22653375437917583
1999	-0.8971261975794061
2000	-0.6604465117440307
2001	-0.20023601150857856
2003	0.08903916006799106
2006	0.11533690293858873
2007	-0.5947021545675375
2009	0.522951917432846
2011	1.0883533891506874
2012	-0.647297640308732
2014	1.35133081785666
2015	0.07589028863269279
2017	-0.04244955428499501
2018	0.036443674326796856
2019	1.3250330749860628
2021	2.5873247327747317
2023	1.1540977463271804
2024	0.37831433164456124
2025	-0.2659803686850718
2026	0.5755474031740405
2027	-0.5684044116969404
2028	-0.29227811155566885
2030	0.8779714461859089
2031	0.4572075602563531
2032	0.5361007888681449
2033	0.5098030459975473
2034	-0.10819391146148823
2036	-0.6209998974381348
2037	-0.14764052576738398
2038	0.9963112891035971
2039	0.10218803150329007
2040	-0.5947021545675375
2041	0.33886771733866533
2042	0.18108126011508194
2043	2.206007461151071
2045	-0.35802246873216226
2046	0.4309098173857558
2047	0.08903916006799106
2049	0.838524831880013
2051	0.49665417456224903
2052	-0.6867442546146281
2053	-0.1870871400732801
2054	0.22052787442097752
2057	-0.6735953831793293
2059	-0.0950450400261894
2061	0.18108126011508194
2062	-0.17393826863798145
2063	1.1672466177624787
2064	-0.2528314972497731
2065	0.48350530312695
2068	-0.7393397403558224
2069	-0.4763623116498499
2070	0.20737900298567888
2071	-0.7524886117911213
2072	-0.4763623116498499
2074	-0.04244955428499501
2075	0.707036117527027
2076	-0.22653375437917583
2077	-0.6209998974381348
2078	0.18108126011508194
2079	-0.5552555402616416
2080	-0.22653375437917583
2081	-0.3054269829909677
2082	0.20737900298567888
2083	-0.4500645687792526
2084	-0.6078510260028361
2086	-0.6867442546146281
2087	0.20737900298567888
2088	0.9305669319271039
2089	-0.6078510260028361
2090	-0.6209998974381348
2092	-0.5289577973910444
2093	1.1672466177624787
2095	-0.43691569734395413
2096	-0.43691569734395413
2097	-0.1870871400732801
2098	-0.12134278289678686
2102	0.08903916006799106
2104	1.5354150179508408
2105	0.838524831880013
2108	-0.16078939720268262
2109	-0.4500645687792526
2110	-0.14764052576738398
2111	-0.003002939979099073
2112	2.9291953900924956
2113	-0.39746908303805806
2114	-0.6735953831793293
2115	0.6018451460446382
2116	0.4440586888210541
2117	0.6807383746564297
2119	0.023294802891498215
2120	0.6149940174799364
2122	1.9956255181862925
2123	4.980419333999083
2126	0.47035643169165176
2127	-0.3580224687321621
2128	0.8648225747506108
2129	0.14163464580918564
2130	-0.647297640308732
2131	0.32571884590336664
2132	0.1547835172444843
2133	0.8516737033153121
2134	-0.06874729715559229
2135	-0.17393826863798145
2137	2.718813447127718
2138	0.2862722315974707
2140	0.8779714461859089
2141	-0.2528314972497731
2143	0.8779714461859089
2144	1.5880105036920353
2145	1.5880105036920353
2146	1.3907774321625561
2147	0.8253759604447147
2148	0.4046120745151585
2151	0.2731233601621721
2152	-0.8708284547088089
2154	0.25997448872687345
2155	3.100130718751378
2157	0.2336767458562765
2158	1.7589458323509177
2160	-0.5947021545675375
2163	-0.8708284547088089
2164	-0.6078510260028361
2166	-0.5684044116969404
2167	0.35201658877396397
2169	-0.5815532831322391
2170	0.4046120745151585
2171	0.2731233601621721
2172	0.12848577437388736
2176	-0.9102750690147048
2177	0.6412917603505337
2179	0.08903916006799106
2180	-0.6604465117440307
2181	0.20737900298567888
2182	1.719499218045022
2184	0.37831433164456124
2185	0.2862722315974707
2186	0.5886962746093392
2188	-0.5158089259557458
2189	0.2862722315974707
2191	-0.20023601150857856
2192	-0.9234239404500034
2193	-0.9497216833206007
2194	-1.331038954944261
2195	0.10218803150329007
2196	-1.5282720264737406
2197	1.4039263035978544
2198	-0.6998931260499267
2199	-0.5684044116969404
2200	-0.5684044116969404
2202	-1.5282720264737406
2203	2.5873247327747317
2204	0.838524831880013
2205	-0.7524886117911213
2207	-0.5947021545675375
2210	-0.46321344021455124
2213	0.8253759604447147
2214	-0.4500645687792526
2216	-1.4625276692972473
2217	-0.12134278289678686
2218	-0.48951118308514835
2219	-0.27912924012037044
2220	0.0495925457620955
2221	-1.5282720264737406
2222	1.4170751750331534
2223	0.41776094595045715
2224	0.3914632030798599
2226	-0.5947021545675375
2229	-0.4500645687792526
2230	0.6149940174799364
2233	0.33886771733866533
2234	0.3914632030798599
2235	0.5098030459975473
2239	-0.46321344021455124
2240	0.37831433164456124
2241	-0.05559842572029365
2242	0.2336767458562765
2243	0.891120317621208
2247	1.0620556462800903
2248	0.08903916006799106
2249	0.9568646747977012
2250	0.4440586888210541
2251	0.5098030459975473
2252	2.5873247327747317
2254	-0.4500645687792526
2256	-0.46321344021455124
2258	-0.16078939720268262
2259	0.47035643169165176
2260	0.7859293461388188
2261	0.4572075602563531
2265	-0.22653375437917583
2266	1.495968403644945
2267	1.35133081785666
2268	0.41776094595045715
2269	-0.8708284547088089
2270	-0.4500645687792526
2271	-0.04244955428499501
2272	1.4696706607743475
2273	-0.46321344021455124
2274	-0.4500645687792526
2275	2.692515704257121
2276	-0.0950450400261894
2278	-0.016151811414397716
2279	1.4170751750331534
2280	0.32571884590336664
2281	0.4440586888210541
2282	1.3644796892919584
2283	-0.2659803686850718
2284	-0.27912924012037044
2285	0.5886962746093392
2286	0.2862722315974707
2287	-0.1870871400732801
2288	-0.2659803686850718
2291	0.2731233601621721
2292	-0.46321344021455124
2293	-0.04244955428499501
2294	-0.22653375437917583
2296	-0.6867442546146281
2297	0.2336767458562765
2298	-0.5947021545675375
2299	-0.5947021545675375
2300	-0.7524886117911213
2301	-0.5815532831322391
2302	-0.8839773261441075
2307	3.5077457332456365
2308	2.429538275551148
2310	0.2336767458562765
2311	0.5098030459975473
2312	-0.14764052576738398
2313	-0.04244955428499501
2314	-0.016151811414397716
2316	-0.02930068284969636
2319	-0.43691569734395413
2320	0.3914632030798599
2321	-0.2528314972497731
2322	-1.5414208979090391
2323	-0.06874729715559229
2324	-1.5414208979090391
2325	-0.4500645687792526
2326	-0.02930068284969636
2328	-0.02930068284969636
2332	0.2336767458562765
2333	0.22052787442097752
2334	0.25997448872687345
2335	1.3776285607272571
2336	0.5098030459975473
2337	0.8516737033153121
2339	-0.06874729715559229
2340	-0.2659803686850718
2341	0.1679323886797833
2343	-1.5414208979090391
2344	-1.0154660404970939
2345	-0.8708284547088089
2346	-0.8839773261441075
2347	-0.2659803686850718
2348	-0.12134278289678686
2349	-0.4763623116498499
2351	-0.22653375437917583
2352	-0.31857585442626635
2354	0.6412917603505337
2355	-0.2133848829438772
2356	0.33886771733866533
2359	0.3914632030798599
2360	-0.003002939979099073
2361	0.29942110303276936
2363	-0.8839773261441075
2364	-0.7656374832264197
2365	0.37831433164456124
2366	-0.9497216833206007
2368	-0.7787863546617185
2369	-0.7524886117911213
2370	0.20737900298567888
2371	-0.2659803686850718
2372	-0.8708284547088089
2374	-0.003002939979099073
2375	0.9042691890565062
2379	-0.7393397403558224
2383	0.7859293461388188
2384	0.7990782175741175
2386	-0.04244955428499501
2387	0.7859293461388188
2388	0.22052787442097752
2389	0.22052787442097752
2390	-0.05559842572029365
2391	-0.06874729715559229
2392	0.22052787442097752
2393	0.6544406317858324
2394	1.719499218045022
2395	0.9174180604918053
2396	0.5229519174328463
2397	1.0620556462800903
2398	4.441315605151838
2399	0.20737900298567888
2400	0.838524831880013
2401	0.5886962746093392
2402	0.48350530312695
2403	0.48350530312695
2404	0.4572075602563531
2405	0.8648225747506108
2406	0.7596316032682215
2407	0.1679323886797833
2408	0.47035643169165176
2409	-0.05559842572029365
2410	1.1146511320212846
2411	-0.31857585442626635
2412	0.07589028863269279
2413	0.5623985317387422
2415	-0.7393397403558224
2417	-0.8708284547088089
2419	-0.7524886117911213
2420	-1.331038954944261
2423	0.4440586888210541
2424	-1.5151231550384419
2426	0.023294802891498215
2428	0.2468256172915748
2429	0.5755474031740405
2430	0.2336767458562765
2433	0.7990782175741175
2434	-0.02930068284969636
2435	1.232990974938972
2436	0.25997448872687345
2437	0.2336767458562765
2438	0.22052787442097752
2440	0.25997448872687345
2441	-0.08189616859089094
2442	0.25997448872687345
2444	-0.05559842572029365
2445	-0.04244955428499501
2446	0.25997448872687345
2447	0.29942110303276936
2449	0.49665417456224903
2451	0.312569974468068
2452	1.9430300324450989
2453	0.22052787442097752
2454	0.11533690293858873
2456	-0.5815532831322391
2457	1.8378390609627095
2459	2.8240044186101065
2460	-0.016151811414397716
2463	0.9437158033624022
2464	0.25997448872687345
2465	0.036443674326796856
2466	0.2862722315974707
2468	0.41776094595045715
2470	-0.04244955428499501
2474	0.32571884590336664
2475	0.2336767458562765
2476	0.9831624176682981
2477	0.32571884590336664
2478	-0.8708284547088089
2479	-0.31857585442626635
2481	-0.9102750690147048
2482	0.11533690293858873
2483	-0.8445307118382116
2484	0.2073803178728228
2485	0.20737900298567888
2486	0.19423013155038021
2487	-0.7524886117911213
2488	-0.0950450400261894
2489	0.19423013155038021
2491	1.9956255181862934
2492	1.7589458323509177
2493	-0.06874729715559229
2494	-0.4500645687792526
2495	-0.7393397403558224
2496	-0.46321344021455124
2497	-0.46321344021455124
2501	0.19423013155038057
2503	0.9042691890565062
2504	0.8779714461859089
2505	1.8904345467039034
2506	-0.06874729715559229
2507	0.4440586888210541
2508	0.036443674326796856
2509	0.1679323886797833
2510	0.41776094595045715
2511	0.11533690293858873
2512	-0.02930068284969636
2514	-0.31857585442626635
2515	-0.04244955428499501
2517	-0.05559842572029365
2518	-0.34487359729686345
2519	-0.3580224687321621
2520	-0.06874729715559229
2522	-0.06874729715559229
2524	0.2336767458562765
2525	-0.06874729715559229
2526	0.10218803150329007
2527	0.08903916006799106
2528	0.08903916006799106
2529	3.0869818473160793
2531	-0.05559842572029365
2532	0.023294802891498215
2533	-0.7393397403558224
2534	1.1803954891977777
2535	0.7596316032682215
2536	1.0489067748447913
2537	-0.7524886117911213
2538	0.08903916006799106
2539	-0.04244955428499501
2540	0.07589028863269279
2541	-0.7524886117911213
2542	-0.7524886117911213
2543	-0.7524886117911213
2544	1.1540977463271804
2545	1.2198421035036737
2549	-0.04244955428499501
2551	0.2336767458562765
2552	0.5229519174328463
2556	0.2336767458562765
2557	0.3914632030798599
2558	2.468984889857044
2559	0.2468256172915748
2560	0.2336767458562765
2561	-0.5947021545675375
2562	-1.0286149119323924
2564	0.12848577437388736
2565	-0.31857585442626635
2566	-0.27912924012037044
2567	-0.02930068284969636
2568	-1.5677186407796364
2569	0.32571884590336664
2570	-0.48951118308514835
2573	-0.37117134016746095
2574	1.1146511320212846
2575	-0.2528314972497731
2576	-0.6078510260028361
2577	0.08903916006799106
2579	-0.08189616859089094
2580	-0.0950450400261894
2581	1.35133081785666
2583	1.1540977463271804
2584	0.20737900298567888
2585	-0.7656374832264197
2586	-0.08189616859089094
2587	0.18108126011508194
2588	0.19423013155038021
2589	0.2862722315974707
2590	0.7333338603976246
2592	-0.8839773261441075
2593	-0.6341487688734336
2594	-0.7130419974852253
2596	-0.08189616859089094
2600	-0.7393397403558224
2601	0.9174180604918053
2602	-0.7393397403558224
2603	-1.0286149119323924
2604	-0.6604465117440307
2605	-0.8708284547088089
2606	-0.08189616859089094
2607	-0.5026600545204472
2608	0.11533690293858873
2610	-0.48951118308514835
2611	-0.5947021545675375
2612	2.429538275551148
2614	3.481447990375039
2615	0.29942110303276936
2616	-0.016151811414397716
2617	-0.20023601150857856
2620	-0.04244955428499501
2621	-0.48951118308514835
2622	-1.4756765407325458
2624	-0.726190868920524
2625	-0.7393397403558224
2626	-0.31857585442626635
2627	-0.34487359729686345
2628	-0.05559842572029365
2629	-0.3843202116027596
2630	-0.48951118308514835
2632	-1.1601036262853786
2634	-1.0286149119323924
2635	-1.1601036262853786
2638	-1.5282720264737406
2640	-1.5282720264737406
2642	-0.1870871400732801
2643	-0.31857585442626635
2644	-0.2133848829438772
2647	3.218470561669066
2648	0.2468256172915748
2649	-1.0680615262382884
2652	1.0883533891506874
2655	0.023294802891498215
2656	-0.726190868920524
2657	-0.7656374832264197
2659	0.18108126011508194
2660	-0.4763623116498499
2661	-1.5282720264737406
2663	-0.02930068284969636
2664	1.2592887178095697
2665	0.47035643169165176
2666	-0.43691569734395413
2669	-0.8445307118382116
2670	-0.5026600545204472
2673	-0.7393397403558224
2674	-0.20023601150857856
2675	-0.8182329689676143
2676	-0.7393397403558224
2677	0.8779714461859089
2678	-0.7524886117911213
2679	-0.7524886117911213
2682	0.7596316032682215
2684	-0.48951118308514835
2685	-0.4763623116498499
2686	-0.16078939720268262
2687	0.5098030459975473
2688	0.19423013155038021
2690	-0.2133848829438772
2692	-0.5947021545675377
2694	-0.7393397403558224
2695	-1.0286149119323924
2697	-0.6078510260028361
2698	-0.8708284547088089
2699	-0.14764052576738398
2700	-1.0286149119323924
2701	-0.04244955428499501
2702	1.0489067748447913
2705	-0.7656374832264197
2706	-0.5158089259557458
2707	0.023294802891498215
2708	0.1679323886797833
2710	2.166560846845175
2711	0.25997448872687345
2712	-0.726190868920524
2714	0.2731233601621721
2715	-0.9234239404500034
2716	-0.6867442546146281
2721	-0.5947021545675375
2722	0.2731233601621721
2723	-0.7393397403558224
2724	-0.5815532831322391
2725	-1.1338058834147813
2728	-1.1469547548500802
2729	-1.1601036262853786
2730	-1.2652945977677679
2731	-1.0286149119323924
2732	0.3914632030798599
2733	0.4572075602563531
2734	-0.4763623116498499
2738	-1.6729096122620255
2739	0.19423013155038021
2740	-0.016151811414397716
2742	-0.5684044116969404
2743	-0.6998931260499267
2744	0.25997448872687345
2745	-0.27912924012037044
2746	-0.48951118308514835
2747	-0.02930068284969636
2748	-0.003002939979099073
2749	-0.43691569734395413
2750	-0.02930068284969636
2753	0.10218803150329007
2754	0.11533690293858873
2756	-1.5414208979090391
2757	-0.7393397403558224
2758	-0.1870871400732801
2759	-0.7656374832264197
2761	1.232990974938972
2762	-1.370485569250157
2763	1.495968403644945
2764	-0.6867442546146281
2765	-0.5947021545675375
2766	-0.7524886117911213
2770	0.07589028863269279
2771	-0.7524886117911213
2772	0.2731233601621721
2774	0.5361007888681449
2775	0.9437158033624022
2777	-0.8708284547088089
2778	-0.1870871400732801
2779	0.2336767458562765
2781	-0.04244955428499501
2782	0.4440586888210541
2784	0.2862722315974707
2785	-0.16078939720268262
2786	-0.17393826863798145
2789	0.20737900298567888
2790	-0.20023601150857856
2791	1.4170751750331534
2793	1.6143082465626326
2794	0.48350530312695
2798	-0.23968262581447466
2799	0.4309098173857558
2800	-0.016151811414397716
2803	0.48350530312695
2804	-0.0950450400261894
2805	0.22052787442097752
2806	0.07589028863269279
2807	0.3914632030798599
2809	-0.05559842572029365
2811	1.5091172750802435
2812	0.4440586888210541
2813	-0.6604465117440307
2814	0.5229519174328463
2815	-0.37117134016746095
2816	0.4572075602563531
2817	0.19423013155038021
2820	0.12848577437388736
2821	-0.12134278289678686
2823	-0.2659803686850718
2824	1.8509879323980083
2825	-0.14764052576738398
2826	0.41776094595045715
2827	0.2336767458562765
2828	0.11533690293858873
2830	1.246139846374271
2831	-0.1870871400732801
2832	-0.016151811414397716
2833	0.2468256172915748
2834	0.010145931456199572
2836	0.12848577437388736
2837	-0.5684044116969404
2838	-0.5684044116969404
2839	0.11533690293858873
2840	0.2468256172915748
2841	1.0094601605388955
2842	1.0094601605388955
2843	2.495282632727641
2844	0.7859293461388188
2845	-0.4763623116498499
2849	0.41776094595045715
2851	0.20737900298567888
2852	1.1540977463271804
2853	-0.003002939979099073
2854	0.5229519174328463
2855	0.9437158033624022
2856	1.9561789038803967
2857	1.232990974938972
2858	0.2336767458562765
2859	-0.5815532831322391
2862	0.10218803150329007
2865	1.4039263035978544
2866	-0.6867442546146281
2869	1.1935443606330765
2871	0.49665417456224903
2873	-0.2528314972497731
2874	-0.5947021545675375
2878	-0.5947021545675375
2879	0.9305669319271039
2881	-0.2528314972497731
2882	0.9568646747977012
2884	0.8648225747506108
2885	-0.31857585442626635
2886	0.5361007888681449
2887	-0.06874729715559229
2890	0.3651654602092626
2892	-0.20023601150857856
2893	-0.6604465117440307
2894	-0.331724725861565
2895	0.4572075602563531
2896	1.1146511320212846
2897	0.8122270890094161
2898	0.19423013155038021
2900	0.3914632030798599
2902	1.3776285607272571
2903	1.0489067748447913
2905	0.41776094595045715
2907	-0.04244955428499501
2908	-0.5684044116969404
2910	0.07589028863269279
2912	-0.5815532831322391
2913	1.6274571179979314
2915	1.4170751750331534
2916	0.4309098173857558
2917	-0.003002939979099073
2918	2.166560846845175
2920	0.2468256172915748
2921	0.2731233601621721
2922	-0.5289577973910444
2924	-0.620999897438135
2926	0.5886962746093392
2928	1.1672466177624787
2929	0.5492496603034432
2930	0.35201658877396397
2931	-0.5552555402616416
2933	-0.5815532831322391
2934	-0.5815532831322391
2935	3.1921728187984684
2936	1.601159375127334
2938	0.2336767458562765
2939	0.14163464580918564
2940	2.718813447127718
2942	2.495282632727641
2944	1.2198421035036737
2945	3.021237490139586
2947	0.4046120745151585
2951	0.06274141719739415
2952	-0.5815532831322391
2953	0.25997448872687345
2954	-1.0023171690617951
2955	-0.7919352260970169
2956	-0.5684044116969404
2957	-0.7130419974852253
2958	-0.5552555402616416
2960	0.3914632030798599
2961	0.29942110303276936
2964	2.271751818327564
2965	0.7859293461388188
2966	0.49665417456224903
2969	1.6537548608685286
2971	0.5361007888681449
2972	0.5623985317387422
2973	0.2731233601621721
2975	-0.42376682590865533
2980	0.14163464580918564
2981	0.12848577437388736
2986	1.232990974938972
2989	3.5340434761162323
2991	0.4440586888210541
2993	-0.542106668826343
2994	-0.5815532831322391
2995	-0.003002939979099073
2996	0.7727804747035198
2998	3.65238331903392
3000	4.9541215911284855
3001	4.033700590657582
3003	-1.0286149119323924
3004	1.3250330749860628
3005	-0.3580224687321621
3007	0.8122270890094161
3008	-0.4763623116498499
3011	-0.016151811414397716
3015	0.41776094595045715
3016	0.48350530312695
3017	-0.42376682590865533
3018	0.6018451460446382
3019	4.217784790751762
3020	2.9423442615277944
3021	1.6143082465626326
3022	2.245454075456967
3023	3.336810404586754
3024	1.4302240464684517
3026	0.5755474031740405
3028	2.048221003927488
3029	2.140263103974578
3030	2.048221003927488
3031	6.176966634611258
3032	1.7326480894803205
3033	2.206007461151071
3034	1.8904345467039034
3035	1.9430300324450989
3037	1.6537548608685286
3038	3.218470561669066
3040	0.18108126011508194
3043	-0.8839773261441075
3045	1.2592887178095697
3046	2.5084315041629397
3047	-0.08189616859089094
3049	2.955493132963093
3050	0.41776094595045715
3051	-1.0023171690617951
3052	0.06274141719739415
3054	0.9305669319271039
3056	1.9824766467509947
3057	1.0357579034094928
3058	1.3118842035507643
3059	-0.02930068284969636
3060	-0.5684044116969404
3063	0.47035643169165176
3064	0.5755474031740405
3066	4.073147204963477
3068	0.2336767458562765
3070	0.41776094595045715
3071	0.9568646747977012
3072	2.7714089328689124
3073	1.1278000034565836
3076	0.5492496603034432
3078	1.0620556462800903
3079	0.707036117527027
3080	2.271751818327564
3081	0.1679323886797833
3082	0.5886962746093392
3084	2.731962318563016
3085	0.20737900298567888
3086	0.11533690293858873
3088	-0.5289577973910444
3089	-0.5947021545675375
3090	0.12848577437388736
3091	-0.1870871400732801
3092	0.07589028863269279
3095	0.3914632030798599
3096	0.41776094595045715
3097	0.707036117527027
3099	0.20737900298567888
3100	0.2731233601621721
3101	2.8371532900454057
3102	1.272437589244868
3106	4.493911090893033
3107	0.7859293461388188
3109	4.033700590657582
3110	2.7056645756924196
3111	1.0357579034094928
3113	2.245454075456967
3115	1.4302240464684517
3118	0.9700135462329995
3119	-0.7130419974852253
3120	0.5755474031740405
3121	2.5610269899041342
3123	0.5755474031740405
3125	-0.5815532831322391
3126	0.2336767458562765
3127	-0.7393397403558224
3128	-0.04244955428499501
3130	1.8246901895274104
3131	1.1540977463271804
3132	2.5478781184688355
3134	1.5748616322567368
3135	2.0876676182333833
3138	-0.7656374832264197
3139	0.18108126011508194
3141	0.5098030459975473
3142	0.06274141719739415
3143	1.1935443606330765
3144	0.891120317621208
3145	-0.5815532831322391
3146	-0.726190868920524
3149	-0.5684044116969404
3150	-0.17393826863798145
3152	1.3776285607272571
3153	1.3776285607272571
3156	-0.331724725861565
3157	-0.13449165433208551
3159	-0.05559842572029365
3161	0.29942110303276936
3164	0.891120317621208
3165	-0.0950450400261894
3166	0.8516737033153121
3167	-0.7393397403558224
3168	0.9042691890565062
3169	-0.2133848829438772
3170	1.8246901895274104
3171	1.785243575221515
3172	2.495282632727641
3174	0.0495925457620955
3176	1.246139846374271
3177	-0.7656374832264197
3178	5.019865948304979
3179	0.3520165887739647
3181	1.4302240464684517
3182	-0.4500645687792526
3183	0.49665417456224903
3184	0.5229519174328463
3185	-0.05559842572029365
3186	0.19423013155038021
3189	-0.831381840402913
3190	-0.6604465117440307
3191	2.061369875362786
3192	-0.22653375437917583
3195	2.3111984326334603
3196	0.7727804747035198
3197	1.6143082465626326
3198	1.7589458323509177
3199	-0.31857585442626635
3200	1.5880105036920353
3203	-0.016151811414397716
3204	2.4163894041158493
3205	0.5229519174328463
3206	3.2316194331043646
3209	0.47035643169165176
3210	0.29942110303276936
3214	-1.409932183556053
3215	-0.43691569734395413
3216	-0.2528314972497731
3217	-1.5414208979090391
3219	-1.0154660404970939
3220	-0.8971261975794061
3221	-0.8839773261441075
3222	0.2731233601621721
3223	-0.2528314972497731
3224	1.0489067748447913
3225	1.3381819464213611
3228	0.0495925457620955
3229	0.7464827318329229
3230	1.3644796892919584
3231	-0.46321344021455124
3232	-0.7524886117911213
3234	0.37831433164456124
3238	0.312569974468068
3239	0.29942110303276936
3240	0.3914632030798599
3244	-0.5947021545675375
3245	-0.8708284547088089
3246	0.2731233601621721
3247	0.0495925457620955
3250	1.6537548608685286
3251	1.6669037323038272
3252	0.5361007888681449
3254	0.47035643169165176
3255	0.10218803150329007
3256	0.47035643169165176
3257	1.6274571179979314
3258	-0.8445307118382116
3259	-0.12134278289678686
3260	1.0357579034094928
3261	0.3651654602092626
3262	0.6281428889152355
3263	-0.6998931260499267
3265	-1.1469547548500802
3266	-0.5947021545675375
3268	-0.5158089259557458
3269	-0.7393397403558224
3271	-0.9628705547558993
3272	0.312569974468068
3273	1.3644796892919584
3274	-0.9628705547558993
3275	0.6281428889152355
3276	-0.542106668826343
3277	0.8648225747506108
3278	-0.5552555402616416
3279	-0.8576795832735102
3283	2.232305204021668
