index	химшлак последний Al2O3	химшлак последний CaO	химшлак последний R	химшлак последний SiO2
589	3.2	54.8	2.4	23.2
1345	5.2	54.5	2.1	26.6
1348	4.4	55.6	2.1	26.9
1662	4.5	55.8	2.0	27.4
1665	4.5	59.1	2.2	26.9
1771	3.8	62.3	2.7	23.3
1782	3.9	50.5	2.6	19.5
1783	3.4	59.9	2.3	26.3
1784	4.9	56.1	2.2	25.5
1785	4.3	61.5	2.4	25.2
1821	5.5	60.3	2.6	22.9
1822	5.4	62.0	2.7	22.9
1823	5.7	57.5	2.3	25.3
1867	5.6	56.2	2.5	22.4
1871	4.2	49.8	2.4	20.4
1874	5.0	53.4	2.5	21.0
1879	4.9	59.1	2.3	25.6
1881	6.4	59.3	2.7	21.9
1882	4.8	58.6	2.2	26.1
1883	4.7	58.2	2.2	26.2
1884	4.7	56.7	2.3	25.2
1886	4.6	48.1	2.5	19.5
1888	4.1	55.7	2.2	25.9
1889	4.5	56.6	2.2	25.4
1892	4.6	58.4	2.2	26.4
1893	5.5	58.6	2.3	25.5
1894	4.6	51.6	2.1	25.2
1917	4.8	58.9	2.7	21.9
1919	6.9	52.3	2.5	21.1
1920	5.4	60.9	2.8	21.6
1922	5.4	61.8	2.8	22.4
1923	5.7	58.3	2.3	25.6
1924	5.5	50.1	2.3	21.3
1926	5.0	51.5	2.5	20.7
1929	6.6	56.2	2.6	22.0
1930	7.2	58.8	2.6	22.5
1932	5.0	57.9	2.3	25.1
1933	4.5	57.9	2.3	25.0
1934	5.7	59.4	2.4	25.0
1935	6.5	59.5	2.6	22.6
1936	6.2	59.5	2.4	25.2
1958	4.9	55.4	2.3	25.3
1959	4.7	55.8	2.3	26.0
1960	5.0	52.6	2.3	23.7
1961	5.1	54.4	2.3	25.0
1962	5.6	53.2	2.6	20.5
1964	5.8	46.8	2.4	19.2
1968	4.9	55.5	2.3	25.5
1969	6.8	55.9	2.7	21.0
1970	5.1	55.3	2.2	24.9
1971	4.9	56.3	2.2	25.9
1990	4.5	54.6	2.2	25.0
1991	4.6	46.7	2.2	21.5
1993	6.0	56.2	2.3	24.5
1995	6.5	59.4	2.6	22.9
1997	5.1	63.4	2.8	21.4
1998	6.1	57.6	2.3	24.7
1999	5.9	61.2	2.8	21.7
2001	4.5	56.0	2.2	26.0
2003	5.3	52.0	2.8	18.8
2004	5.4	58.2	2.2	26.2
2007	5.4	53.1	2.7	19.9
2010	4.9	59.9	2.6	22.9
2011	5.3	61.3	2.6	23.3
2012	4.9	62.2	2.4	25.6
2013	4.6	56.9	2.3	26.1
2014	4.9	54.9	2.3	27.0
2017	5.2	59.2	2.4	24.4
2018	4.9	56.6	2.3	25.9
2020	7.8	57.4	2.8	20.1
2021	4.6	50.1	2.3	22.7
2023	5.0	53.5	2.5	21.8
2024	4.6	52.3	2.6	19.9
2025	6.1	58.0	2.7	21.7
2026	4.9	58.1	2.3	25.3
2027	5.5	60.5	2.7	22.4
2029	5.6	62.7	2.7	23.1
2030	5.8	56.3	2.2	25.4
2031	5.5	58.5	2.4	24.9
2032	5.3	63.0	2.8	21.6
2035	5.4	45.0	2.4	18.8
2040	4.6	56.8	2.1	26.5
2041	4.8	47.8	2.5	18.9
2042	6.0	61.3	2.7	22.6
2044	4.8	56.1	2.2	26.0
2047	5.4	58.4	2.6	22.9
2048	5.5	55.3	2.2	25.6
2051	4.7	55.7	2.1	26.7
2055	5.2	58.3	2.7	21.7
2056	4.4	60.1	2.5	24.2
2057	4.0	58.1	2.3	26.7
2058	4.0	56.7	2.4	26.2
2059	4.0	56.4	2.3	25.4
2060	4.1	60.7	2.8	21.8
2061	4.1	55.0	2.4	27.6
2062	4.4	59.2	2.8	21.5
2065	4.1	60.2	2.7	22.7
2066	4.4	52.8	2.6	19.9
2068	4.0	59.2	2.7	22.4
2071	3.5	49.1	2.6	19.0
2072	4.8	60.0	2.6	23.1
2073	8.1	60.4	2.8	21.7
2074	3.6	47.7	2.6	18.1
2075	4.3	55.7	2.1	26.5
2077	4.4	54.2	2.4	22.7
2078	3.9	58.0	2.7	21.8
2079	4.2	62.9	2.5	25.3
2080	3.3	57.5	2.2	26.3
2082	3.4	56.5	2.2	25.7
2083	4.4	56.5	2.1	26.3
2084	5.0	58.4	2.7	20.1
2085	6.4	52.1	2.5	20.9
2086	4.4	60.5	2.8	21.8
2091	3.8	57.3	2.2	25.7
2093	3.7	52.4	2.1	26.1
2094	5.1	58.3	2.6	22.5
2095	4.2	59.5	2.7	22.3
2096	3.8	61.2	2.6	24.0
2099	4.1	58.9	2.7	22.1
2101	3.2	55.2	2.1	26.0
2103	4.8	59.6	2.7	22.3
2104	4.8	61.5	2.6	24.1
2105	4.9	57.2	2.6	21.7
2107	4.1	55.6	2.1	26.5
2123	3.0	53.9	2.1	27.2
2124	4.3	58.6	2.5	23.1
2125	5.4	62.2	2.8	22.5
2126	5.0	61.3	2.5	24.5
2128	6.1	56.9	2.3	24.5
2130	5.9	54.7	2.5	21.8
2131	5.0	60.4	2.8	21.1
2132	5.1	55.3	2.7	20.8
2133	4.1	55.2	2.1	26.8
2134	4.4	61.0	2.4	25.5
2138	4.3	48.8	2.7	17.8
2139	3.9	58.7	2.2	26.2
2140	5.3	61.9	2.8	21.9
2141	4.8	61.4	2.7	22.8
2142	4.9	55.6	2.5	22.4
2164	5.2	64.1	2.8	22.6
2169	5.2	56.4	2.8	20.3
2170	3.7	57.2	3.1	18.6
2171	5.0	62.0	2.8	22.1
2172	6.3	61.8	2.8	21.3
2174	5.6	57.2	2.5	23.2
2178	3.7	56.7	2.1	26.4
2179	5.3	43.2	2.1	20.8
2182	3.4	55.5	2.1	27.3
2183	4.6	59.9	2.7	21.9
2204	5.7	57.4	2.6	21.8
2205	5.0	54.2	2.2	24.6
2206	6.0	60.5	2.7	22.7
2207	5.2	48.9	2.6	18.9
2208	4.9	52.4	2.1	24.8
2210	5.5	49.3	2.6	18.9
2212	5.4	55.3	2.5	22.0
2216	6.0	56.4	2.3	24.7
2217	5.3	52.5	2.4	21.6
2218	4.7	51.0	2.3	21.8
2220	5.0	48.3	2.3	21.8
2221	4.6	43.7	2.3	19.3
2222	5.0	50.2	2.3	21.6
2223	5.1	55.1	2.3	24.6
2224	5.7	56.3	2.3	24.8
2260	5.0	53.7	2.2	24.9
2261	4.6	58.8	2.7	22.0
2262	5.2	55.0	2.4	22.9
2263	6.7	56.5	2.5	22.7
2264	5.3	44.7	2.3	19.1
2265	5.4	53.8	2.4	22.3
2267	5.1	52.0	2.1	25.6
2269	5.3	48.6	2.3	21.4
2270	4.7	51.6	2.6	19.9
2271	5.0	54.4	2.1	25.7
2272	5.1	52.7	2.4	21.8
2273	5.5	52.2	2.1	24.7
2274	5.4	48.7	2.6	18.7
2275	4.9	56.8	2.3	25.2
2276	5.2	52.1	2.6	20.2
2326	4.7	50.0	2.7	18.7
2328	5.9	53.5	2.5	21.8
2329	5.4	60.4	2.3	25.8
2331	4.5	51.3	2.5	20.3
2334	4.5	52.1	2.4	21.8
2340	5.8	59.6	2.6	23.2
2341	4.3	56.1	2.1	26.4
2342	4.4	58.4	2.2	26.2
2345	4.6	48.1	2.3	22.4
2346	5.5	60.6	2.7	22.2
2347	4.9	52.1	2.4	21.8
2349	5.6	54.1	2.6	20.7
2350	5.6	57.5	2.6	21.9
2351	5.3	55.1	2.5	22.4
2352	4.8	50.8	2.3	21.6
2353	5.5	51.7	2.4	21.7
2354	5.9	56.9	2.3	25.6
2355	4.5	49.5	2.4	20.3
2356	6.0	56.5	2.4	23.7
2357	4.2	56.5	2.2	26.3
2358	6.4	58.7	2.6	22.5
2359	4.0	57.1	2.2	26.0
2360	5.4	56.8	2.6	22.1
2361	6.2	59.5	2.7	22.2
2363	5.0	52.4	2.4	21.5
2365	4.9	49.2	2.6	19.2
2387	4.9	50.3	2.3	21.9
2388	4.8	52.2	2.1	25.4
2389	5.7	57.8	2.5	23.6
2393	4.9	48.3	2.3	21.5
2394	4.6	60.2	2.3	26.0
2398	5.3	55.3	2.4	22.7
2399	4.3	57.9	2.2	26.4
2400	6.0	52.6	2.6	20.6
2401	4.4	58.1	2.2	26.6
2403	4.1	56.0	2.1	26.7
2404	4.5	57.3	2.2	26.3
2405	4.0	58.2	2.1	27.2
2425	4.9	52.4	2.3	23.0
2426	4.4	59.2	2.2	26.6
2428	3.9	58.4	2.2	26.5
2430	4.0	57.0	2.2	26.3
2431	6.6	54.1	2.5	21.4
2432	4.6	52.7	2.4	22.1
2436	4.0	57.3	2.1	26.6
2437	4.0	57.6	2.2	26.4
2438	3.8	57.7	2.2	26.4
2439	4.0	57.8	2.1	26.9
2440	4.2	59.4	2.2	26.8
2442	4.0	54.0	2.4	22.6
2444	4.1	59.7	2.6	23.3
2446	4.3	60.3	2.6	23.3
2447	4.8	57.8	2.5	23.0
2449	4.4	52.0	2.5	20.8
2450	3.6	54.1	2.0	26.5
2451	4.2	57.9	2.3	25.2
2453	4.0	57.7	2.3	25.4
2456	4.0	58.7	2.2	26.8
2464	5.0	58.0	2.5	23.4
2465	4.2	63.2	2.6	24.4
2468	4.0	53.1	2.3	22.6
2469	5.9	59.8	2.6	23.1
2470	3.5	54.4	2.6	20.8
2471	4.7	58.8	2.3	25.9
2472	4.7	58.5	2.5	23.4
2473	5.0	53.9	2.3	23.7
2474	5.8	58.6	2.6	22.6
2475	4.8	53.1	2.6	20.3
2476	4.5	50.8	2.6	19.9
2477	4.0	59.3	2.3	26.3
2478	3.9	58.3	2.2	26.8
2479	5.0	62.1	2.7	22.6
2480	5.2	62.0	2.8	22.4
2483	4.6	58.7	2.2	26.4
2484	4.1	52.5	2.3	22.6
2485	4.2	57.7	2.2	26.3
2486	7.8	58.8	2.7	21.7
2487	5.1	52.2	2.2	23.2
2488	3.8	58.4	2.2	26.7
2489	4.8	54.5	2.6	20.9
2490	4.7	60.4	2.3	25.9
2492	3.8	55.6	2.3	27.3
2495	4.7	54.8	2.3	25.8
2496	4.8	55.3	2.3	26.1
2498	6.5	56.1	2.3	24.9
2499	4.8	54.2	2.3	25.9
2500	4.9	50.4	2.3	23.5
2501	5.1	47.7	2.3	23.2
2506	4.9	49.2	2.0	25.0
2507	4.7	55.5	2.1	26.9
2508	4.7	52.8	2.1	25.6
2509	4.4	51.1	2.0	25.6
2510	4.5	50.3	2.0	25.6
2511	4.2	52.1	2.0	26.6
2532	3.9	55.2	2.1	26.4
2533	4.9	50.2	2.0	25.3
2534	3.6	53.5	2.0	26.3
2536	3.4	54.6	2.0	26.8
2540	4.6	50.1	2.0	24.9
2541	4.0	50.3	2.1	23.6
2543	3.4	55.3	2.0	27.6
2544	4.0	52.1	2.1	25.2
2547	4.0	50.1	2.0	25.3
2548	3.8	56.0	2.1	26.3
2570	3.9	53.5	2.1	25.5
2571	3.0	53.1	2.0	26.3
2574	3.0	54.7	2.0	26.9
2575	3.2	54.5	2.0	26.7
2576	3.1	53.2	2.0	27.0
2577	3.1	52.5	2.0	26.4
2578	3.7	55.8	2.1	26.3
2580	3.5	55.3	2.0	27.3
2582	4.7	50.4	2.0	25.4
2586	5.3	51.6	2.0	25.9
2587	4.0	52.4	2.1	25.2
2588	3.6	48.3	2.1	23.0
2615	4.4	57.5	2.3	25.4
2616	4.3	56.2	2.3	24.6
2617	4.4	57.5	2.3	25.4
2618	4.5	60.7	2.5	24.1
2619	3.4	55.8	2.6	21.3
2622	3.9	57.7	2.3	24.7
2623	4.4	58.6	2.5	23.4
2624	3.9	57.1	2.3	25.4
2625	4.4	55.4	2.6	21.6
2626	4.7	56.3	2.6	22.1
2627	4.0	54.7	2.2	24.9
2629	4.2	55.0	2.5	22.0
2630	4.1	56.2	2.2	25.1
2631	4.4	58.0	2.3	25.0
2632	4.2	54.7	2.2	24.9
2633	4.4	54.2	2.2	24.4
2635	3.7	47.2	2.1	24.0
2639	5.0	55.2	2.6	21.3
2640	3.8	60.3	2.7	22.2
2641	3.9	56.8	2.8	20.6
2642	3.8	54.9	2.2	25.5
2644	4.2	50.7	2.4	21.4
2645	4.0	56.9	2.6	21.6
2647	4.6	57.6	2.7	21.1
2648	4.6	57.3	2.2	26.3
2649	4.4	60.7	2.6	23.4
2650	3.8	59.1	2.7	21.8
2651	5.4	60.0	2.7	22.5
2652	4.6	59.9	2.7	22.2
2653	4.8	49.9	2.5	19.8
2655	4.3	57.4	2.2	26.0
2656	5.9	55.5	2.5	21.9
2657	5.4	54.6	2.5	21.8
2658	4.6	59.0	2.6	22.7
2659	5.7	58.3	2.3	25.1
2660	4.1	47.6	2.1	22.4
2661	4.8	56.3	2.4	23.1
2662	5.2	57.9	2.3	25.5
2666	4.1	51.6	2.4	22.0
2667	4.7	54.7	2.6	21.1
2668	4.4	56.4	2.5	22.7
2669	4.0	55.4	2.2	25.5
2673	5.0	61.2	2.8	21.9
2675	4.6	58.2	2.8	20.3
2676	4.7	56.6	2.6	21.4
2689	4.1	57.0	2.2	26.1
2691	3.9	57.7	2.3	25.2
2692	4.3	53.7	2.5	21.5
2693	5.2	53.3	2.4	21.8
2694	4.9	57.3	2.2	26.4
2695	5.8	57.5	2.5	22.7
2696	5.3	58.8	2.7	21.9
2697	6.8	61.5	2.8	21.6
2698	5.4	58.8	2.7	21.6
2699	5.6	57.3	2.7	21.3
2700	5.4	62.8	2.8	22.3
2702	7.7	53.1	2.7	20.0
2703	6.5	62.4	2.8	21.2
2705	6.1	60.1	2.8	21.5
2706	5.0	63.0	2.8	22.3
2707	5.9	61.7	2.8	21.9
2708	6.1	62.4	2.8	22.0
2730	3.3	58.2	2.2	26.3
2732	3.3	57.1	2.2	25.8
2733	4.4	58.5	2.2	26.5
2735	4.2	60.4	2.5	24.0
2736	3.5	56.4	2.2	26.2
2737	3.5	54.0	2.2	24.7
2738	3.7	55.2	2.3	24.0
2739	3.8	55.2	2.3	23.6
2740	6.1	57.3	2.4	24.1
2741	3.9	56.4	2.3	24.9
2743	3.6	56.9	2.1	26.6
2744	4.2	55.3	2.1	25.8
2745	6.4	60.1	2.8	21.4
2746	6.1	59.8	2.8	21.3
2747	6.9	59.9	2.8	21.1
2748	5.4	62.6	2.8	21.7
2769	5.2	63.8	2.7	22.3
2773	4.2	61.1	2.7	22.0
2774	4.1	58.3	2.3	25.8
2775	4.2	57.9	2.2	26.1
2776	4.3	52.9	2.1	24.7
2777	3.5	57.9	2.3	25.6
2779	4.1	58.5	2.2	26.2
2780	3.9	57.7	2.2	26.0
2781	5.1	59.9	2.7	22.6
2799	4.8	51.5	2.6	19.9
2801	5.6	57.4	2.3	25.3
2802	4.1	56.5	2.3	26.8
2803	4.4	51.0	2.6	19.6
2804	4.0	57.2	2.2	26.2
2805	5.5	51.5	2.7	18.8
2806	5.6	54.3	2.2	25.0
2808	4.8	50.3	2.5	20.1
2810	4.5	44.9	2.2	20.8
2811	4.5	54.5	2.1	25.5
2812	6.2	56.3	2.5	22.9
2813	4.7	60.8	2.8	21.6
2814	5.3	53.0	2.1	25.0
2815	4.7	46.4	2.2	21.5
2816	5.5	50.6	2.5	20.2
2818	5.0	60.5	2.7	22.1
2819	5.1	61.6	2.8	22.2
2820	4.9	62.3	2.7	22.9
2821	5.5	59.5	2.3	25.7
2823	6.2	57.5	2.8	20.9
2828	6.0	53.5	2.3	23.5
2829	5.0	54.2	2.5	21.6
2830	5.1	46.7	2.3	20.6
2832	5.3	55.3	2.3	23.6
2834	5.6	57.4	2.5	22.5
2835	5.4	56.2	2.5	22.2
2837	5.2	57.7	2.5	23.4
2838	4.5	55.3	2.3	24.2
2871	4.7	57.0	2.2	25.4
2872	4.5	58.6	2.3	25.3
2873	6.2	60.5	2.7	22.0
2875	4.8	50.9	2.4	21.1
2877	4.7	45.9	2.5	18.4
2878	5.6	58.9	2.7	21.7
2879	4.4	57.9	2.3	25.2
2882	5.4	55.2	2.5	22.2
2883	6.2	62.4	2.7	21.7
2884	4.6	56.5	2.5	22.9
2885	6.2	52.1	2.5	21.2
2886	5.8	60.8	2.8	21.6
2887	4.8	48.9	2.3	21.2
2888	5.4	58.2	2.7	21.9
2909	4.8	60.4	2.8	21.7
2911	5.8	57.4	2.6	21.8
2913	5.3	53.6	2.4	22.0
2917	4.3	53.8	2.2	25.6
2919	6.1	60.0	2.7	22.6
2921	6.6	55.2	2.5	21.8
2922	5.3	53.3	2.3	23.5
2923	5.4	51.3	2.4	21.5
2924	5.7	59.8	2.7	21.9
2927	5.3	57.3	2.5	23.3
2928	5.5	54.0	2.5	21.5
2950	5.4	58.4	2.3	25.8
2951	5.9	53.2	2.7	19.8
2952	4.4	55.9	2.0	27.3
2954	5.1	58.9	2.3	26.0
2956	5.5	44.7	2.3	19.5
2957	5.1	62.0	2.8	22.3
2958	5.0	57.9	2.3	25.4
2959	4.0	57.1	2.8	19.5
2960	5.8	47.7	2.5	18.9
2963	5.9	50.9	2.8	18.3
2965	4.9	58.9	2.3	25.8
2966	4.9	52.3	2.3	22.6
2968	4.6	53.6	2.7	19.5
2989	5.1	58.9	2.2	26.7
2990	4.5	56.9	2.2	26.4
2992	4.8	56.8	2.2	25.8
2993	4.8	56.4	2.2	25.9
2994	5.2	48.7	2.4	20.3
2997	4.7	51.1	2.1	24.7
2999	6.7	57.7	2.6	22.0
3001	5.7	53.8	2.2	24.4
3003	4.8	58.8	2.2	26.2
3004	4.8	47.0	2.2	21.3
3005	6.0	58.0	2.5	23.4
3023	4.9	55.1	2.2	24.9
3024	5.4	54.9	2.3	23.8
3025	5.4	56.5	2.3	25.1
3026	4.9	56.1	2.2	25.1
3027	5.0	56.8	2.2	25.7
3028	5.7	58.4	2.5	23.0
3030	4.9	57.0	2.2	25.6
3032	4.5	54.9	2.2	24.8
3033	4.9	57.1	2.2	26.0
3034	5.1	59.6	2.3	25.9
3035	4.6	57.2	2.2	25.9
3036	6.0	59.2	2.7	22.0
3037	5.2	59.3	2.7	22.3
3043	4.7	58.7	2.7	22.1
3044	4.4	52.2	2.5	21.2
3045	4.9	53.6	2.5	21.4
3047	4.0	57.6	2.1	27.5
3048	3.7	57.5	2.1	27.4
3050	4.8	62.5	2.7	23.3
3054	4.4	56.1	2.0	27.4
3055	4.6	61.6	2.4	25.4
3056	4.3	60.0	2.6	22.8
3077	4.1	58.2	2.2	26.1
3078	3.7	57.3	2.2	26.7
3080	4.9	57.2	2.5	22.9
3081	4.1	57.2	2.2	26.0
3082	4.0	58.2	2.2	26.2
3083	4.6	57.5	2.3	25.2
3085	4.1	57.1	2.2	25.5
3086	3.9	57.5	2.2	27.0
3087	3.9	58.1	2.2	26.7
3088	4.4	54.1	2.1	25.9
3089	4.2	52.6	2.1	25.3
3090	5.3	57.8	2.3	25.2
3091	4.4	52.9	2.5	21.1
3092	4.7	60.0	2.6	22.8
3093	4.6	57.3	2.4	23.4
3118	4.6	56.1	2.12	26.5
3119	4.6	55.7	2.2	26.0
3120	3.8	55.8	2.2	27.7
3121	4.3	56.8	2.2	26.1
3122	3.6	56.8	2.2	27.0
3123	4.0	57.4	2.2	26.3
3124	5.2	52.4	2.2	23.7
3126	4.3	57.8	2.3	25.4
3127	4.4	58.9	2.3	25.6
3129	4.3	45.6	2.2	20.9
3131	4.0	56.3	2.2	25.5
3133	3.7	58.5	2.3	25.9
3134	4.8	57.7	2.3	25.1
3135	3.8	57.8	2.3	25.4
3136	3.7	57.8	2.2	25.8
3137	3.6	58.1	2.2	26.0
3138	3.9	57.5	2.2	26.4
3159	4.0	54.3	2.0	26.5
3160	6.1	61.4	2.8	21.8
3161	4.4	53.7	2.2	24.9
3162	5.9	58.0	2.2	25.9
3163	5.5	62.5	2.8	21.9
3164	5.6	59.9	2.6	23.0
3165	6.7	60.0	2.7	22.3
3166	4.5	58.3	2.2	26.4
3170	4.8	58.8	2.3	25.3
3171	5.2	55.3	2.4	23.4
3172	5.3	47.3	2.3	20.3
3173	4.6	58.3	2.6	22.4
3174	3.6	53.7	2.1	25.4
3175	5.4	55.1	2.3	23.8
3176	5.2	52.0	2.5	21.1
3177	4.4	60.0	2.3	26.3
3178	4.2	57.2	2.2	26.3
3179	5.7	57.4	2.2	26.4
3180	4.4	55.7	2.1	26.9
3181	5.4	46.2	2.2	22.1
3194	4.0	51.6	2.6	19.6
3195	6.2	60.1	2.7	22.0
3196	5.2	58.1	2.4	24.6
3197	5.4	56.4	2.4	23.8
3198	5.3	57.1	2.2	26.2
3199	5.1	52.0	2.3	22.2
3201	5.3	58.6	2.3	25.7
3202	6.6	51.0	2.5	20.6
3203	5.7	58.0	2.2	26.1
3204	5.0	46.9	2.3	20.6
3205	5.4	52.3	2.5	21.2
3206	5.5	57.7	2.3	25.6
3207	6.1	54.4	2.4	22.3
3208	5.3	48.3	2.4	20.5
3209	5.5	48.0	2.3	21.3
3210	5.2	54.5	2.2	25.5
3233	4.2	56.9	2.1	26.7
3234	5.2	47.1	2.3	20.8
3235	4.8	50.4	2.3	21.6
3236	5.0	50.4	2.4	20.9
3237	5.7	59.6	2.3	25.4
3239	5.1	59.4	2.3	25.3
3241	5.8	49.2	2.6	19.1
3242	6.0	56.2	2.5	22.4
3244	5.5	57.9	2.3	24.9
3245	5.1	60.2	2.3	26.2
3247	5.6	58.0	2.3	25.4
3249	5.3	49.8	2.5	20.0
3250	5.2	52.0	2.6	20.1
3253	5.2	57.7	2.3	24.9
3254	5.8	60.4	2.7	22.3
3255	5.3	62.1	2.8	22.2
3257	5.6	61.2	2.8	21.8
3258	5.2	59.5	2.6	22.5
3260	4.8	57.4	2.3	25.0
3262	5.0	55.7	2.8	20.2
3264	4.7	57.2	2.3	24.9
3267	5.8	57.8	2.8	20.5
3269	5.3	50.1	2.3	21.5
3270	4.6	55.7	2.3	24.1
3271	6.0	56.4	2.8	20.4
3272	4.0	54.7	2.1	26.6
3273	6.4	57.8	2.5	22.7
3274	5.6	60.6	2.3	25.8
3275	5.2	60.0	2.3	26.0
3276	5.2	53.4	2.4	22.7
3278	5.3	52.0	2.3	22.4
3279	5.1	49.1	2.6	19.0
3280	5.0	59.9	2.3	25.7
3281	5.3	58.7	2.3	25.2
3282	5.1	52.7	2.4	22.2
3284	4.9	59.7	2.4	25.4
3285	5.6	48.1	2.4	20.0
3286	4.6	55.7	2.2	25.8
3287	5.1	52.0	2.1	24.8
3289	4.7	56.6	2.2	25.9
3290	6.1	53.2	2.8	19.0
3291	6.6	59.0	2.6	22.4
3303	4.7	46.5	2.1	22.0
3305	6.9	60.3	2.7	22.4
3306	5.3	55.4	2.2	25.4
3307	5.8	57.0	2.2	25.8
3310	5.8	54.6	2.4	22.4
3311	5.4	55.8	2.2	25.9
3312	4.3	56.5	2.2	25.5
3313	4.6	46.4	2.2	21.4
3314	5.1	55.5	2.2	25.9
3315	4.9	59.4	2.3	25.9
3316	4.4	59.8	2.3	26.6
3317	7.1	60.5	2.7	22.7
3318	5.1	52.3	2.4	21.5
3319	6.5	51.6	2.2	23.8
3321	5.2	49.9	2.3	21.7
3322	6.0	54.4	2.4	22.7
3344	5.2	47.7	2.4	20.1
3345	4.7	59.2	2.2	26.4
3346	6.6	58.9	2.7	22.2
3347	6.0	50.7	2.6	19.8
3348	5.4	50.7	2.1	23.8
3350	5.4	47.4	2.0	24.6
3351	4.7	46.4	2.0	23.7
3354	5.0	58.3	2.2	26.7
3356	4.5	58.1	2.2	26.8
3359	4.5	57.7	2.2	26.3
3360	4.2	62.2	2.8	21.5
3361	4.4	57.1	2.1	26.7
3363	4.2	56.8	2.1	26.5
3365	4.6	52.8	2.6	20.4
3366	5.2	57.8	2.7	21.7
3367	3.6	54.8	2.1	27.3
3368	3.5	59.6	2.3	26.0
3369	4.3	59.8	2.6	22.6
3370	3.4	59.4	2.3	26.2
3371	3.5	59.2	2.3	26.1
3373	3.5	63.5	2.6	24.7
3377	3.5	59.3	2.2	26.6
3378	3.4	58.7	2.3	26.0
3380	3.5	58.4	2.2	26.6
3381	3.6	60.1	2.3	26.4
3382	5.1	64.0	2.8	22.0
3383	4.6	63.2	2.7	21.8
3385	3.6	64.3	2.8	22.5
3386	4.0	63.1	2.8	21.5
3387	4.4	58.1	2.2	26.3
3388	4.3	64.0	2.8	21.7
3389	4.8	58.8	2.8	21.2
3392	4.9	62.0	2.8	21.5
3393	4.8	59.4	2.7	22.2
3394	5.9	61.4	2.8	22.0
3395	5.5	58.9	2.7	21.9
3396	3.5	60.4	2.3	26.4
3397	3.7	58.9	2.3	25.6
3399	4.5	52.6	2.7	19.5
3400	4.9	52.8	2.8	18.6
3403	5.2	51.7	2.6	20.2
3404	5.4	59.1	2.5	23.2
3406	5.0	55.0	2.7	20.1
3407	5.8	53.6	2.6	20.4
3408	6.0	58.8	2.3	25.7
3409	4.9	59.7	2.6	23.3
3410	4.3	58.6	2.2	26.4
3413	5.5	55.7	2.5	22.2
3414	4.2	64.2	2.8	22.5
3415	4.4	58.4	2.5	23.3
3416	4.6	62.8	2.5	25.3
3417	4.2	62.5	2.6	24.4
3418	4.3	58.4	2.2	26.8
3419	5.0	63.4	2.8	22.8
3422	3.9	62.8	2.4	26.1
3423	4.7	55.6	2.5	22.1
3427	4.4	50.0	2.3	21.4
3429	4.1	51.7	2.5	20.7
3431	4.0	60.5	2.6	23.6
3432	4.5	58.6	2.3	25.5
3433	4.2	57.6	2.2	26.0
3434	4.8	56.8	2.5	22.7
3435	4.1	61.0	2.3	26.3
3436	3.9	58.4	2.2	26.1
3437	5.0	63.9	2.8	23.0
3438	5.0	61.6	2.7	23.2
3439	5.0	62.6	2.6	23.6
3440	7.2	59.8	2.6	23.0
3441	6.9	59.8	2.5	23.6
3443	5.1	61.1	2.6	23.8
3444	5.5	61.3	2.5	24.4
3446	6.5	57.7	2.3	25.4
3447	5.6	59.1	2.3	26.0
3449	6.9	57.7	2.3	24.8
3450	3.4	61.8	2.3	26.9
3451	7.0	59.9	2.8	21.4
3453	4.2	62.6	2.8	22.3
3454	4.3	57.8	2.7	21.6
3457	3.5	60.8	2.3	26.3
3458	4.0	59.8	2.3	26.0
3459	5.5	61.0	2.7	22.8
3460	4.0	60.9	2.8	22.0
3461	6.2	60.1	2.8	21.7
3462	6.4	59.1	2.3	25.6
3463	4.5	48.4	2.4	20.4
3464	6.4	57.5	2.3	24.6
3465	3.2	65.2	2.8	23.0
3466	6.3	57.6	2.3	24.6
3467	4.0	51.7	2.5	20.3
3468	5.9	58.1	2.3	25.4
3470	3.6	52.6	2.1	24.8
3472	3.5	48.1	2.8	17.4
3473	3.5	56.2	2.3	24.3
3474	3.4	59.9	2.4	24.8
3485	3.2	56.8	2.2	27.1
3486	3.7	60.8	2.3	26.2
3487	3.8	58.6	2.2	27.4
3488	4.1	61.4	2.6	23.3
3491	3.2	61.4	2.3	26.9
3492	4.4	61.6	2.4	25.5
3495	3.8	59.3	2.2	26.7
3496	3.5	63.7	2.7	23.8
3499	4.1	63.1	2.5	25.1
3500	3.8	59.5	2.3	26.2
3501	4.1	56.3	2.1	27.3
3512	4.8	56.9	2.1	27.4
3514	4.9	59.1	2.2	26.6
3516	6.0	58.4	2.3	25.4
3517	6.0	59.4	2.3	25.9
3520	4.8	58.9	2.2	26.7
3521	5.3	50.4	2.5	20.2
3523	2.6	57.6	2.2	26.2
3525	5.9	58.3	2.2	26.0
3526	4.2	57.5	2.4	23.8
3533	4.3	57.8	2.2	26.4
3537	7.1	61.6	2.6	23.3
3540	5.0	60.2	2.3	26.4
3541	7.5	60.8	2.7	22.8
3543	5.0	54.3	2.1	26.0
3544	6.3	63.0	2.8	21.2
3546	5.6	62.6	2.8	22.4
3547	5.9	59.5	2.3	25.9
3548	6.5	58.6	2.4	24.4
3551	5.2	63.0	2.8	22.0
3552	5.7	59.7	2.3	25.9
3553	5.3	59.1	2.7	21.5
3555	4.9	51.0	2.5	20.4
3557	9.4	57.6	2.8	19.8
3559	5.5	59.4	2.8	20.5
3562	6.3	59.5	2.8	20.6
3566	6.2	59.3	2.7	22.0
3567	6.2	57.6	2.7	21.1
3578	5.6	62.8	2.8	22.3
3579	7.3	58.9	2.4	24.4
3582	4.7	61.1	2.7	22.9
3583	4.3	57.6	2.2	26.6
3585	3.8	52.3	2.4	21.6
3586	4.9	53.9	2.7	20.2
3588	5.7	51.4	2.6	19.7
3589	4.9	59.3	2.6	22.9
3590	4.2	59.9	2.7	22.3
3591	4.8	50.5	2.3	21.8
3592	4.1	56.2	2.2	25.3
3593	5.5	52.5	2.5	20.8
3594	6.1	60.3	2.7	22.2
3595	5.2	58.1	2.7	21.5
3596	5.3	51.8	2.7	19.5
3599	6.1	59.2	2.3	25.4
3600	4.3	63.7	2.8	22.4
3603	5.0	61.3	2.4	25.6
3604	4.6	59.1	2.3	25.8
3607	5.3	62.9	2.8	22.8
3628	4.2	54.9	2.1	26.4
3630	4.7	58.3	2.3	25.8
3632	5.3	47.7	2.2	21.4
3633	4.6	51.4	2.0	26.0
3634	4.0	52.9	2.1	25.7
3635	4.9	58.1	2.5	23.7
3637	5.2	57.5	2.4	23.8
3638	4.3	50.4	2.5	20.2
3639	4.7	53.9	2.1	26.0
3640	4.4	52.6	2.0	25.9
3641	5.7	57.0	2.4	23.3
3642	4.3	49.2	2.5	19.3
3643	3.6	53.6	2.2	25.2
3644	4.5	57.9	2.2	26.4
3645	4.0	57.1	2.2	26.2
3646	4.6	57.6	2.2	26.2
3647	3.2	54.1	2.2	26.4
3669	5.1	58.4	2.6	22.5
3672	5.1	54.7	2.3	24.2
3674	4.5	49.8	2.6	19.0
3676	3.8	56.1	2.1	27.0
3679	4.5	56.1	2.2	25.7
3680	4.1	56.3	2.1	26.4
3681	4.2	53.9	2.2	25.5
3682	4.5	51.3	2.2	25.3
3683	4.2	50.5	2.4	20.9
3684	4.6	57.3	2.7	21.2
3686	4.2	53.4	2.4	21.9
3687	3.5	57.7	2.2	25.7
3688	4.0	61.2	2.7	22.6
3691	4.2	61.3	2.4	25.7
3692	3.9	50.4	2.4	21.1
3693	4.1	56.4	2.2	25.9
3748	4.7	48.6	2.4	20.6
3750	3.6	57.0	2.2	25.9
3751	3.6	56.8	2.2	25.9
3752	3.8	50.0	2.4	20.8
3753	4.4	55.4	2.2	25.6
3754	3.1	56.9	2.2	25.8
3755	3.4	60.1	2.4	25.4
3756	4.7	55.1	2.4	22.7
3757	4.7	60.0	2.4	25.5
3758	5.8	60.2	2.7	22.5
3759	3.5	58.0	2.2	26.1
3760	4.5	59.9	2.6	23.0
3761	4.4	58.1	2.6	22.6
3762	4.8	55.7	2.3	23.8
3763	4.8	56.7	2.2	25.5
3766	4.8	58.0	2.6	22.7
3768	3.9	57.5	2.2	26.5
3769	3.8	58.4	2.2	26.5
3770	3.8	57.4	2.2	26.2
3771	3.9	57.8	2.2	26.3
3772	4.4	56.7	2.2	26.3
3774	4.3	52.8	2.2	25.0
3775	5.5	60.8	2.7	22.4
3831	4.0	56.8	2.1	27.3
3834	4.0	45.0	2.1	21.9
3835	4.0	56.9	2.1	27.6
3836	4.4	52.0	2.4	21.8
3838	3.9	58.3	2.2	26.1
3840	4.1	55.8	2.2	27.0
3841	3.8	53.5	2.2	24.2
3842	4.4	55.3	2.2	26.4
3843	4.6	53.6	2.2	25.8
3844	4.2	54.9	2.2	26.4
3845	4.0	51.8	2.2	24.4
3847	4.2	53.7	2.1	26.2
3848	4.2	52.8	2.1	25.7
3850	3.7	57.0	2.2	26.4
3852	3.7	57.1	2.1	26.7
3853	3.3	47.8	2.2	21.3
3855	3.6	56.4	2.1	26.8
3856	4.2	62.6	2.8	22.3
3857	3.6	56.4	2.1	26.4
3860	4.1	62.6	2.8	22.5
3861	4.5	50.4	2.0	25.4
3862	3.5	54.9	2.2	25.4
3874	4.9	61.9	2.8	21.8
3875	4.1	53.1	2.2	26.3
3876	4.3	57.9	2.6	22.4
3877	3.9	58.6	2.2	26.6
3879	4.1	63.5	2.6	24.6
3880	3.9	62.7	2.6	24.1
3882	5.0	47.9	2.2	21.8
3883	4.1	63.8	2.7	23.2
3884	5.0	63.1	2.7	23.0
3885	4.3	65.2	2.8	22.9
3886	4.4	63.3	2.7	23.4
3887	4.9	55.2	2.4	23.4
3888	4.5	60.9	2.7	22.5
3889	4.8	62.9	2.7	22.9
3890	4.2	55.9	2.8	18.9
3891	4.2	55.6	2.2	25.1
3893	4.0	57.5	2.2	26.0
3894	4.2	63.1	2.7	23.1
3896	4.0	55.9	2.2	26.0
3897	4.8	49.6	2.4	21.1
3898	3.7	51.7	2.2	23.3
3900	4.9	51.8	2.3	25.2
3901	3.6	51.9	2.2	25.3
3902	4.4	57.7	2.4	23.9
3904	3.9	49.9	2.1	25.0
3905	4.0	48.8	2.2	22.0
3906	3.4	57.7	2.1	27.0
3908	3.6	56.8	2.2	26.4
3909	3.7	59.2	2.3	26.0
3910	3.7	57.5	2.2	26.7
3911	4.1	53.5	2.6	20.2
3914	3.6	58.8	2.3	25.7
3915	3.7	55.2	2.1	27.0
3916	3.3	57.3	2.1	26.7
3917	3.6	56.9	2.1	26.6
3918	3.5	50.5	2.6	19.6
3920	4.8	57.8	2.6	22.3
3921	3.0	49.0	2.2	22.5
3924	4.4	55.8	2.1	27.0
3925	4.3	58.5	2.2	26.6
3926	3.4	55.4	2.8	18.7
3927	4.2	58.7	2.2	26.2
3928	4.0	55.8	2.2	26.4
3929	3.6	49.8	2.2	23.1
3931	4.4	49.5	2.2	22.6
3932	6.7	51.6	2.7	18.8
3933	4.6	63.2	2.7	23.6
3937	4.6	62.5	2.6	23.7
3940	2.6	60.0	2.2	26.8
3942	4.8	53.9	2.2	24.7
3943	4.9	55.2	2.4	23.1
3944	4.2	62.5	2.7	22.9
3945	3.6	63.4	2.8	22.9
3946	4.7	56.4	2.4	23.7
3947	4.5	58.4	2.7	20.2
3948	4.7	60.9	2.8	21.2
3949	4.3	58.7	2.5	23.9
3950	4.5	56.8	2.3	24.6
3952	5.9	58.3	2.7	21.6
3958	4.3	56.8	2.3	24.3
3959	4.1	61.1	2.6	23.8
3960	5.0	59.4	2.6	23.2
3961	4.2	59.3	2.4	25.0
3963	4.9	53.2	2.6	20.4
3966	4.8	55.4	2.8	19.6
3969	3.4	56.3	2.2	25.9
3972	4.1	59.1	2.3	26.0
3973	4.3	63.0	2.5	25.2
3982	7.3	59.1	2.7	21.6
3983	9.4	55.9	2.6	21.8
3986	6.4	56.7	2.6	21.6
3988	4.7	50.8	2.4	20.9
3990	8.3	50.8	2.5	20.1
3991	5.8	53.1	2.4	21.7
3993	6.2	55.8	2.4	23.7
3994	4.6	54.7	2.2	25.1
3995	5.8	57.8	2.2	26.5
3999	3.8	57.8	2.6	22.5
4001	3.9	57.4	2.2	25.8
4002	4.2	55.2	2.1	26.0
4006	3.6	62.2	2.4	26.2
4007	5.3	59.7	2.6	22.7
4008	5.3	56.7	2.2	25.4
4009	4.3	55.2	2.5	22.2
4010	4.0	57.1	2.7	20.8
4011	5.9	60.1	2.7	22.2
4012	3.5	57.8	2.3	25.1
4015	6.2	49.3	2.6	19.0
4016	4.2	64.4	2.8	23.0
4017	4.7	58.2	2.3	25.1
4039	3.5	57.4	2.2	26.0
4040	3.6	58.0	2.5	23.0
4041	3.4	57.5	2.2	26.2
4042	7.2	56.7	2.7	21.4
4044	3.5	59.8	2.6	22.8
4046	3.3	57.6	2.2	26.2
4047	4.3	55.3	2.2	26.1
4049	3.4	57.4	2.2	26.3
4054	3.0	56.7	2.2	25.6
4056	3.2	57.5	2.2	26.7
4057	3.2	56.4	2.2	25.9
4059	4.3	58.0	2.2	26.0
4060	4.5	58.5	2.3	25.8
4061	3.2	57.7	2.2	26.6
4063	4.3	58.2	2.3	25.7
4064	4.5	57.4	2.2	25.7
4065	3.6	46.3	2.2	22.3
4066	3.2	56.5	2.2	25.8
4067	3.2	58.1	2.2	26.4
4069	3.7	57.5	2.5	22.7
4070	3.8	58.0	2.4	24.4
4072	3.2	57.8	2.2	26.0
4073	3.0	53.5	2.2	24.4
4074	3.5	56.2	2.4	23.4
4079	2.8	60.0	2.3	26.5
4081	3.3	53.1	2.1	27.2
4082	3.1	59.0	2.2	26.7
4084	3.0	58.4	2.2	26.2
4085	2.7	59.7	2.3	26.1
4086	3.0	59.6	2.3	25.9
4087	2.7	58.5	2.2	26.4
4088	2.7	59.3	2.2	26.8
4090	3.9	59.7	2.3	26.2
4091	3.3	54.9	2.1	25.6
4092	3.6	64.0	2.5	26.0
4093	2.9	60.5	2.4	25.6
4094	3.0	57.2	2.1	27.1
4095	5.0	61.7	2.7	22.7
4096	3.4	58.1	2.1	27.7
4100	5.0	59.4	2.3	25.9
4102	6.3	54.4	2.6	21.0
4103	3.0	63.5	2.4	26.2
4104	3.4	60.9	2.3	26.2
4108	3.5	57.5	2.1	27.7
4110	3.8	59.7	2.3	25.8
4111	3.3	53.8	2.6	20.9
4112	3.2	61.5	2.4	26.0
4113	3.1	58.9	2.3	25.6
4114	4.5	64.0	2.5	25.2
4115	3.4	58.4	2.7	21.5
4117	3.0	60.4	2.3	25.8
4119	3.4	56.8	2.7	21.0
4122	3.5	63.0	2.4	26.0
4124	3.6	59.6	2.3	25.8
4125	3.6	61.8	2.8	22.3
4126	4.3	64.3	2.7	24.0
4128	4.1	62.2	2.9	21.7
4129	4.8	61.0	2.8	21.8
4130	4.1	58.9	2.6	22.7
4131	3.9	60.6	2.6	23.6
4132	4.5	58.6	2.6	22.7
4133	3.6	50.7	2.3	22.4
4134	3.3	58.1	2.3	25.7
4135	4.1	58.3	2.2	26.0
4136	4.0	64.2	2.5	25.9
4137	3.7	53.6	2.4	22.4
4140	3.6	57.9	2.2	26.3
4141	4.1	58.3	2.2	26.0
4142	3.9	58.5	2.5	23.5
4145	3.7	55.8	2.1	26.7
4146	3.9	60.2	2.4	25.6
4147	3.9	52.5	2.5	20.9
4148	3.2	62.6	2.4	26.1
4150	3.1	57.6	2.2	26.6
4151	3.3	57.0	2.2	26.1
4154	4.5	50.8	2.6	19.3
4155	3.2	60.7	2.5	24.7
4156	3.2	63.2	2.4	26.3
4157	3.8	60.6	2.3	26.2
4159	4.6	59.0	2.3	25.9
4161	4.5	52.1	2.4	21.3
4162	3.6	57.5	2.6	22.3
4163	3.2	58.2	2.2	26.3
4164	4.1	57.4	2.5	23.0
4165	3.7	56.5	2.5	22.6
4167	4.5	55.2	2.2	25.3
4168	4.5	57.6	2.3	25.3
4169	4.1	60.6	2.7	22.5
4171	4.6	59.2	2.5	23.6
4172	3.7	51.3	2.4	21.4
4173	4.2	53.5	2.1	26.2
4174	3.6	64.3	2.6	24.7
4175	5.0	52.7	2.6	20.1
4176	3.3	60.8	2.3	26.3
4177	3.0	56.3	2.1	26.3
4178	3.6	59.3	2.3	25.7
4179	4.2	49.9	2.5	20.2
4180	4.1	64.6	2.8	22.5
4181	4.1	50.0	2.6	19.0
4182	4.4	57.2	2.3	25.0
4184	4.5	58.8	2.3	25.4
4185	4.3	58.8	2.3	25.5
4186	4.0	57.5	2.2	26.3
4187	4.2	54.3	2.1	25.6
4191	4.7	57.9	2.6	22.6
4193	5.2	59.3	2.3	26.3
4194	3.8	55.4	2.0	27.3
4198	3.6	48.0	2.2	21.7
4199	3.9	52.1	2.0	25.5
4200	3.1	58.4	2.5	23.0
4201	4.3	56.7	2.3	25.0
4203	3.6	58.3	2.2	26.4
4204	3.5	58.7	2.3	25.6
4205	3.4	52.9	2.6	20.2
4206	3.7	63.5	2.5	25.5
4207	3.7	58.6	2.3	25.7
4208	3.7	59.9	2.3	26.0
4209	4.5	56.1	2.1	26.4
4210	3.7	62.9	2.5	25.3
4211	3.3	59.2	2.3	26.3
4213	3.6	59.4	2.3	25.8
4214	3.5	58.7	2.2	26.5
4215	2.7	57.3	2.2	26.1
4216	4.2	56.7	2.3	25.1
4217	5.0	56.9	2.3	24.9
4218	3.1	57.8	2.2	26.0
4219	3.2	57.4	2.2	26.1
4220	3.1	57.7	2.2	26.5
4221	3.8	57.7	2.3	25.6
4222	3.4	55.4	2.1	25.9
4224	3.1	57.4	2.2	26.3
4225	3.0	58.4	2.2	26.2
4227	3.1	56.6	2.5	25.8
4228	4.6	58.2	2.6	22.7
4229	3.4	57.2	2.2	25.9
4232	3.1	56.3	2.1	26.9
4233	4.8	59.7	2.3	25.5
4234	3.6	53.3	2.5	21.3
4237	4.1	58.7	2.5	23.9
4238	3.3	55.1	2.1	26.7
4241	3.6	55.1	2.4	23.4
4242	3.1	56.3	2.1	26.8
4246	2.8	53.8	2.6	20.9
4248	3.2	55.0	2.1	25.7
4249	4.3	58.0	2.3	25.4
4251	3.7	63.3	2.5	24.9
4253	4.8	58.4	2.3	25.1
4255	3.2	49.4	2.2	25.6
4256	3.2	56.8	2.2	25.8
4257	3.7	54.4	2.2	24.9
4258	4.1	61.7	2.8	22.4
4261	4.6	59.0	2.7	22.1
4262	3.8	60.8	2.7	22.2
4263	4.2	61.7	2.8	22.3
4264	5.3	55.8	2.6	21.6
4265	4.3	64.0	2.8	22.5
4266	4.2	58.9	2.7	21.5
4267	3.9	62.2	2.7	23.4
4268	5.2	59.3	2.7	22.1
4269	3.7	56.0	2.2	26.0
4270	4.2	62.7	2.7	22.9
4271	3.9	59.8	2.8	20.6
4272	4.4	52.0	2.7	19.1
4273	3.7	56.6	2.2	25.7
4274	4.2	47.2	2.3	20.6
4277	4.0	64.4	2.8	20.5
4278	3.7	50.4	3.0	16.7
4279	4.4	61.4	2.8	20.7
4280	5.3	63.6	2.8	22.0
4281	3.8	62.5	2.8	22.3
4282	5.3	61.8	2.8	21.4
4283	3.5	55.7	2.2	25.7
4284	3.8	49.3	2.2	22.7
4285	5.6	54.0	2.3	23.1
4288	5.2	56.5	2.3	24.5
4289	5.2	55.5	2.3	24.2
4290	3.6	54.1	2.2	24.9
4291	3.9	57.4	2.2	25.7
4292	5.2	63.1	2.8	21.9
4293	4.9	55.5	2.6	21.2
4294	4.2	56.6	2.3	24.8
4295	3.6	56.2	2.2	25.7
4298	5.0	58.6	2.3	25.2
4300	4.1	54.1	2.1	25.2
4301	3.7	60.4	2.3	26.3
4302	7.4	56.9	2.8	20.6
4303	7.8	58.7	2.8	20.6
4305	4.3	58.4	2.2	26.0
4313	3.9	57.7	2.2	26.0
4314	7.4	57.6	2.8	20.9
4317	3.7	58.7	2.8	20.5
4320	4.5	56.6	2.8	20.6
4321	4.5	58.0	2.7	21.9
4322	6.2	59.3	2.8	21.1
4323	3.7	56.2	2.2	25.4
4325	4.1	62.3	2.8	21.6
4326	7.4	57.0	2.8	20.3
4327	3.7	57.1	2.2	25.9
4328	3.7	62.1	2.7	22.7
4329	5.2	59.4	2.6	22.9
4330	5.8	58.2	2.7	21.2
4332	4.3	62.2	2.8	22.6
4333	3.8	57.6	2.5	23.2
4334	3.9	56.6	2.2	26.2
4337	5.3	53.5	2.8	19.4
4339	4.7	56.3	2.3	25.0
4342	4.3	50.1	2.5	20.1
4343	5.5	63.1	2.8	22.5
4351	4.5	59.2	2.4	25.0
4352	5.6	60.9	2.7	22.5
4353	4.5	55.9	2.2	24.9
4355	5.8	61.0	2.8	21.8
4356	5.4	47.9	2.6	18.6
4357	5.2	55.4	2.5	22.4
4360	5.1	60.7	2.8	21.7
4361	5.3	58.9	2.8	21.1
4365	4.9	45.7	2.4	18.9
4366	5.1	54.8	2.5	22.1
4367	6.1	59.0	2.7	21.8
4369	7.7	56.0	2.7	21.0
4370	4.1	55.9	2.2	25.6
4371	5.7	56.4	2.8	20.4
4372	3.7	60.2	2.4	24.7
4373	4.3	55.9	2.2	25.4
4374	4.9	60.5	2.7	22.5
4375	5.2	60.8	2.8	22.1
4376	3.8	52.5	2.3	23.3
4377	5.3	61.5	2.8	22.3
4378	4.7	54.3	2.5	21.6
4381	4.4	61.3	2.8	22.0
4382	4.5	57.3	2.3	25.2
4385	4.4	57.2	2.3	24.9
4386	4.6	54.8	2.1	25.6
4387	3.8	51.9	2.6	19.7
4388	7.2	58.7	2.8	20.9
4390	6.9	58.4	2.8	20.7
4391	4.4	57.6	2.3	25.2
4392	4.7	61.8	2.7	22.5
4393	5.2	61.6	2.8	22.1
4396	4.6	57.2	2.6	22.1
4397	5.3	60.2	2.7	22.1
4417	6.0	57.8	2.7	21.7
4418	5.3	58.2	2.7	21.6
4420	3.5	55.5	2.2	25.3
4421	3.9	49.1	2.5	19.7
4422	5.0	54.1	2.4	22.9
4423	4.2	52.9	2.4	21.7
4426	4.3	55.3	2.4	23.1
4427	4.9	65.5	2.8	22.7
4431	4.2	56.6	2.3	24.9
4433	4.6	60.8	2.7	22.3
4434	4.5	51.3	2.4	21.3
4435	3.9	48.5	2.3	21.2
4436	4.7	62.2	2.7	22.6
4455	5.0	59.2	2.6	22.6
4456	4.5	59.7	2.6	23.2
4458	3.9	53.7	2.7	20.1
4459	4.3	54.2	2.3	24.1
4461	3.7	57.9	2.6	22.1
4463	5.3	57.5	2.5	22.6
4465	5.0	57.4	2.5	23.1
4467	4.4	57.9	2.5	23.6
4468	4.4	56.7	2.5	22.4
4469	3.2	57.8	2.3	25.6
4486	4.2	61.9	2.6	23.4
4488	3.6	61.7	2.7	22.9
4490	4.0	60.3	2.5	24.5
4491	5.0	60.6	2.7	22.1
4492	4.4	64.6	2.8	21.8
4493	5.7	59.6	2.7	22.3
4494	5.9	62.8	2.8	20.8
4495	5.3	51.5	2.4	21.6
4498	3.3	58.6	2.5	23.5
4500	4.7	51.5	2.1	24.9
4517	4.2	62.8	2.7	23.5
4518	6.3	55.3	2.6	21.0
4519	5.5	53.2	2.4	22.5
4520	4.3	47.3	2.2	21.8
4521	4.0	50.6	2.2	24.3
4522	3.2	58.5	2.2	26.5
4523	3.2	58.7	2.2	26.6
4524	3.3	56.9	2.3	25.0
4525	3.4	59.2	2.3	26.2
4528	6.8	49.9	2.2	22.8
4529	6.2	56.7	2.4	23.8
4530	3.9	47.2	2.3	20.6
4531	5.5	62.2	2.6	24.4
4550	4.4	62.2	2.6	23.5
4553	4.4	61.8	2.6	23.9
4555	4.0	60.6	2.4	25.8
4556	5.0	59.9	2.6	22.9
4557	3.8	56.8	2.2	25.4
4558	5.1	54.3	2.4	22.6
4560	3.6	58.8	2.3	25.9
4562	4.8	56.8	2.3	24.6
4563	5.5	54.0	2.5	21.4
4564	5.4	54.6	2.5	21.8
4565	9.0	53.2	2.4	21.8
4566	5.2	54.0	2.1	25.7
4567	4.5	61.3	2.7	22.6
4568	4.0	58.9	2.4	24.4
4569	5.2	56.1	2.3	24.5
4570	5.1	53.2	2.3	23.1
4572	4.8	58.5	2.7	22.0
4584	5.5	60.6	2.6	23.6
4585	4.1	49.0	2.1	23.5
4586	4.6	57.6	2.3	25.2
4588	4.0	62.9	2.4	26.8
4589	4.6	57.2	2.2	25.9
4590	4.4	53.0	2.2	24.1
4591	4.2	57.3	2.2	26.2
4592	4.8	54.9	2.3	23.9
4593	4.4	50.0	2.1	23.3
4595	4.7	55.0	2.2	24.7
4596	6.2	53.8	2.4	22.9
4598	3.8	57.1	2.5	22.8
4601	3.9	57.4	2.2	26.6
4602	5.2	53.3	2.7	20.0
4603	4.3	53.3	2.5	21.5
4604	4.9	59.0	2.3	25.7
4606	5.1	59.2	2.3	25.4
4607	4.2	59.6	2.3	26.3
4608	4.9	59.3	2.3	25.8
4609	4.9	56.9	2.2	26.2
4612	4.2	59.2	2.2	26.6
4613	5.0	60.5	2.8	21.8
4614	5.8	60.1	2.7	21.9
4616	4.4	55.9	2.2	26.3
4617	4.3	56.9	2.4	23.6
4618	4.4	55.7	2.5	21.9
4619	6.3	56.6	2.6	21.4
4620	7.6	55.6	2.5	21.8
4622	5.0	58.2	2.3	25.4
4624	4.8	54.1	2.5	21.6
4625	6.5	55.7	2.5	22.2
4627	4.6	55.3	2.2	25.1
4630	5.5	62.7	2.7	23.1
4631	6.2	59.4	2.7	21.8
4632	3.8	56.0	2.1	26.8
4633	3.4	63.2	2.5	25.5
4634	5.0	57.3	2.3	25.2
4635	4.4	58.3	2.3	25.7
4637	3.8	57.2	2.1	26.8
4639	3.5	57.5	2.1	27.9
4640	5.0	55.8	2.2	24.8
4642	3.7	60.8	2.3	26.1
4645	3.8	56.3	2.8	19.7
4646	5.0	58.5	2.5	23.2
4647	4.0	59.6	2.5	23.5
4650	5.9	59.5	2.6	22.7
4651	3.7	60.2	2.2	26.9
4652	3.6	57.9	2.6	22.5
4653	4.3	49.5	2.3	21.4
4654	5.1	56.8	2.6	22.2
4655	5.3	56.3	2.5	22.3
4656	5.8	60.0	2.7	22.5
4657	4.9	56.4	2.6	21.9
4658	4.7	57.9	2.7	21.8
4660	5.2	53.4	2.4	22.0
4661	4.9	48.8	2.4	20.3
4662	5.5	54.4	2.4	22.3
4663	4.6	58.1	2.6	22.3
4664	5.0	58.1	2.6	22.1
4665	3.6	56.5	2.1	27.5
4666	4.2	58.2	2.2	26.2
4671	3.8	57.4	2.2	25.9
4672	4.2	63.7	2.5	25.3
4687	3.6	52.5	2.5	20.6
4688	4.0	49.1	2.2	22.5
4689	4.1	58.3	2.2	26.9
4690	4.4	50.3	2.3	21.6
4691	5.0	60.8	2.8	22.1
4692	3.8	58.3	2.1	27.2
4694	5.1	58.9	2.6	23.1
4695	4.8	59.4	2.7	22.1
4696	5.1	58.3	2.5	23.5
4697	4.4	61.7	2.7	23.2
4699	5.3	63.0	2.8	22.1
4700	4.1	53.8	2.6	20.6
4701	3.3	58.0	2.1	27.4
4702	3.3	54.0	2.1	26.0
4704	4.0	55.3	2.1	26.4
4706	4.4	53.4	2.5	21.5
4707	3.3	59.7	2.4	25.1
4708	4.1	56.8	2.3	24.7
4709	4.4	57.6	2.3	25.1
4710	3.7	56.9	2.2	26.4
4713	5.0	57.6	2.7	21.3
4714	6.6	56.3	2.7	21.0
4715	4.4	58.6	2.6	22.8
4749	7.4	60.4	2.8	21.1
4750	7.1	57.6	2.8	20.4
4751	6.5	60.0	2.8	20.9
4752	7.0	55.5	2.6	21.5
4753	4.0	57.2	2.3	25.2
4756	5.1	61.1	2.5	24.3
4757	4.0	58.2	2.3	25.4
4758	5.7	59.2	2.7	21.8
4759	4.9	55.8	2.6	21.5
4761	6.1	62.2	2.7	21.5
4763	3.6	61.9	2.4	26.3
4765	3.9	56.9	2.2	25.6
4766	4.7	57.7	2.2	25.9
4767	5.5	53.2	2.5	21.0
4768	4.8	60.4	2.7	22.0
4769	6.5	59.7	2.8	20.8
4770	5.7	62.8	2.8	22.3
4773	3.9	59.5	2.6	22.9
4775	6.3	60.0	2.8	21.7
4776	5.4	59.8	2.8	21.6
4779	5.0	61.4	2.7	22.4
4782	5.6	60.9	2.7	22.2
4783	4.1	59.3	2.4	24.3
4785	4.6	61.1	2.8	21.9
4787	4.6	51.4	2.3	22.7
4790	4.3	57.9	2.3	25.4
4791	5.6	55.6	2.6	21.5
4792	4.2	57.6	2.8	20.8
4793	5.2	60.1	2.6	22.8
4797	4.5	58.1	2.5	23.2
4798	4.1	51.4	2.7	19.4
4799	4.1	55.9	2.6	21.4
4800	3.5	51.5	2.3	22.0
4802	5.2	58.6	2.6	22.5
4804	4.3	52.6	2.4	21.7
4806	4.8	56.5	2.5	22.3
4807	4.8	56.9	2.5	22.8
4808	2.9	56.3	2.1	27.3
4809	4.7	58.4	2.5	23.5
4810	5.4	55.9	2.2	25.8
4811	5.7	60.6	2.7	22.2
4813	3.9	50.1	2.6	20.6
4816	4.8	55.0	2.3	23.9
4817	4.6	51.0	2.2	23.3
4818	6.8	52.5	2.3	22.5
4819	4.7	55.8	2.4	23.3
4820	5.3	51.8	2.2	23.8
4821	6.4	54.0	2.4	22.2
4822	4.7	48.5	2.3	21.2
4823	5.5	56.2	2.2	25.2
4825	5.4	61.1	2.7	23.0
4826	6.5	59.7	2.8	21.7
4829	4.6	54.6	2.2	25.3
4831	6.7	59.2	2.7	22.1
4834	4.9	48.8	2.3	20.9
4835	4.3	55.9	2.2	26.0
4836	5.1	57.1	2.2	25.5
4837	5.5	54.9	2.4	22.5
4838	5.1	49.2	2.4	20.3
4839	5.4	52.7	2.3	22.7
4840	4.4	56.4	2.2	26.2
4842	8.7	57.8	2.7	21.1
4843	5.9	58.5	2.6	23.0
4844	5.5	59.4	2.6	22.8
4845	6.4	60.9	2.8	21.1
4847	7.6	58.0	2.7	21.2
4850	5.7	51.6	2.8	18.7
4851	5.5	52.0	2.3	23.0
4852	6.2	52.5	2.2	23.7
4853	7.0	51.3	2.2	24.1
4857	5.8	52.0	2.3	22.3
4861	5.6	57.4	2.5	22.6
4863	6.4	52.8	2.4	22.3
4864	4.6	57.3	2.3	25.4
4865	4.5	55.7	2.2	25.7
4866	5.1	55.9	2.2	25.5
4869	5.0	54.5	2.5	21.7
4870	4.4	53.4	2.1	25.7
4871	5.4	54.1	2.3	23.2
4873	5.3	58.9	2.6	22.3
4874	4.7	56.2	2.1	26.2
4876	4.6	56.0	2.1	26.3
4877	4.2	54.5	2.0	26.6
4881	5.0	55.7	2.2	25.7
4882	5.6	57.9	2.5	23.0
4883	4.5	55.7	2.1	26.4
4886	5.0	56.6	2.3	24.7
4887	5.4	57.1	2.5	22.8
4889	5.4	56.4	2.2	25.4
4891	6.1	61.1	2.7	22.3
4893	5.6	57.5	2.6	22.5
4895	4.1	53.7	2.1	27.5
4896	4.8	56.0	2.2	25.6
4897	4.6	54.5	2.2	25.2
4899	4.4	53.4	2.1	25.7
4900	4.5	55.6	2.2	25.8
4901	4.2	54.0	2.1	26.1
4903	4.7	57.0	2.3	24.8
4905	4.8	55.6	2.1	25.9
4908	5.3	57.3	2.3	25.3
4909	4.5	55.9	2.1	26.9
4910	4.8	56.0	2.2	26.0
4911	4.9	56.0	2.2	25.1
4913	4.5	56.4	2.2	26.1
4914	5.6	58.1	2.3	25.8
4915	5.5	58.4	2.3	25.8
4917	6.4	56.0	2.3	24.3
4918	4.5	56.0	2.2	25.5
4919	5.4	50.2	2.2	23.4
4920	5.1	48.8	2.2	23.2
4956	4.8	63.1	2.8	22.3
4957	4.7	57.3	2.3	24.9
4958	6.3	54.9	2.5	22.3
4959	5.7	57.7	2.5	23.0
4963	5.7	59.1	2.8	21.4
4966	5.0	60.1	2.4	24.9
4967	5.1	57.8	2.3	25.1
4968	4.8	52.9	2.6	20.5
4970	5.4	49.1	2.6	19.0
4971	5.5	55.5	2.3	24.1
4990	4.8	60.4	2.5	23.8
4991	5.1	55.2	2.1	25.9
4992	4.1	57.4	2.3	25.4
4993	6.0	59.1	2.7	22.0
4994	5.2	57.5	2.5	22.7
4998	4.9	59.1	2.5	23.4
4999	5.5	52.9	2.5	21.5
5000	4.9	55.6	2.4	22.9
5002	4.4	59.5	2.7	22.3
5003	5.6	57.0	2.3	25.3
5006	4.8	58.0	2.2	26.3
5009	4.6	60.8	2.3	25.9
5030	4.7	47.1	2.2	21.6
5031	5.2	49.3	2.4	20.3
5033	4.8	58.0	2.5	23.0
5034	5.6	53.9	2.5	21.8
5035	4.7	54.4	2.4	22.3
5036	4.5	58.1	2.7	21.8
5037	4.0	51.0	2.1	24.6
5040	5.1	56.1	2.6	21.8
5044	4.3	55.0	2.3	24.0
5045	4.6	59.3	2.5	23.5
5047	4.9	60.3	2.8	21.8
5085	5.7	58.1	2.5	22.8
5086	4.1	57.4	2.2	25.7
5087	4.3	55.5	2.6	21.6
5088	4.5	51.3	2.0	25.4
5089	4.5	51.8	2.1	24.1
5090	5.4	56.9	2.5	22.6
5091	4.3	56.5	2.3	24.2
5092	5.3	59.9	2.6	22.7
5114	5.4	55.1	2.6	21.3
5115	4.6	53.7	2.2	23.9
5117	4.1	52.4	2.2	25.4
5118	4.9	47.4	2.4	19.6
5119	4.0	52.6	2.2	24.7
5121	6.1	53.2	2.4	22.4
5123	5.6	57.5	2.7	21.6
5125	5.4	60.0	2.6	22.8
5126	3.4	51.7	2.5	20.9
5127	4.7	58.4	2.5	23.6
5128	5.3	55.8	2.4	23.0
5129	4.2	57.7	2.2	26.6
5130	3.1	54.7	2.1	26.1
5132	4.6	57.0	2.5	22.7
5152	4.2	56.4	2.5	22.7
5154	4.4	56.6	2.4	23.7
5155	4.5	54.0	2.2	24.8
5157	4.9	52.5	2.2	23.7
5158	4.9	52.7	2.2	24.6
5159	4.5	55.9	2.2	26.1
5162	4.1	55.2	2.2	25.7
5164	4.1	58.8	2.2	26.1
5165	4.4	56.2	2.1	26.3
5166	4.3	55.9	2.1	26.1
5167	4.1	54.1	2.1	25.9
5168	4.3	55.0	2.1	25.6
5169	4.3	53.8	2.1	26.1
5170	3.1	54.4	2.1	26.3
5171	4.7	56.0	2.2	25.5
5204	3.9	57.2	2.2	26.2
5205	3.2	56.8	2.1	26.5
5206	3.3	57.4	2.2	26.6
5207	3.2	56.2	2.1	26.8
5209	5.1	56.8	2.5	22.6
5211	4.3	55.9	2.2	25.6
5215	4.0	56.3	2.2	25.4
5217	3.8	59.1	2.5	24.0
5218	3.2	59.6	2.6	23.1
5240	3.7	57.6	2.2	26.2
5242	2.9	50.2	2.0	24.9
5244	3.3	56.3	2.3	24.8
5246	4.1	58.5	2.5	23.0
5247	4.3	59.4	2.5	23.4
5248	3.4	60.1	2.5	24.3
5249	3.5	59.4	2.5	24.0
5250	3.4	55.8	2.5	22.1
5252	3.4	57.1	2.4	23.9
5254	4.1	57.6	2.6	22.6
5255	3.7	59.3	2.5	23.4
5256	4.1	57.4	2.6	22.2
5257	3.9	59.2	2.5	23.7
5260	4.5	55.1	2.5	22.3
5261	3.8	59.7	2.5	23.6
5263	3.7	55.9	2.5	22.3
5264	4.5	53.9	2.5	21.8
5265	3.6	54.4	2.2	24.8
5266	3.5	57.5	2.2	26.6
5267	3.5	54.8	2.2	25.8
5268	3.4	57.0	2.1	26.6
5269	3.4	48.3	2.5	19.4
5270	3.7	55.9	2.3	24.0
5271	4.1	62.4	2.7	23.4
5272	3.4	57.5	2.2	26.2
5273	4.3	62.2	2.7	23.4
5303	4.1	56.1	2.2	25.4
5304	3.9	58.1	2.5	23.6
5305	4.6	55.9	2.4	23.0
5306	4.5	57.7	2.4	24.1
5307	4.1	58.3	2.2	27.0
5309	3.4	55.4	2.3	23.7
5310	4.1	56.4	2.4	23.4
5311	3.9	54.6	2.4	22.5
5313	4.2	56.1	2.3	26.0
5314	3.0	61.7	2.3	26.3
5315	3.0	61.7	2.3	26.8
5317	4.4	58.4	2.4	24.6
5336	2.4	58.4	2.3	25.8
5337	3.5	53.6	2.1	26.1
5338	4.6	53.8	2.4	22.6
5339	3.7	48.6	2.3	21.0
5341	3.5	62.7	2.6	24.3
5342	3.2	58.4	2.4	23.9
5343	3.5	54.3	2.3	24.1
5344	4.5	53.2	2.4	21.9
5346	3.6	58.9	2.2	26.2
5348	3.8	54.5	2.2	25.4
5349	2.8	58.5	2.3	26.0
5350	3.6	56.8	2.2	25.4
5351	3.5	58.6	2.3	26.0
5352	3.7	52.9	2.1	25.1
5353	3.0	56.1	2.1	26.4
5354	3.2	60.3	2.6	23.3
5355	3.3	58.5	2.2	26.3
5357	3.2	57.6	2.3	25.3
5358	4.3	56.8	2.2	25.9
5359	3.7	58.4	2.2	26.4
5360	3.4	59.1	2.3	25.7
5363	3.4	56.9	2.2	26.5
5366	3.3	56.0	2.1	26.2
5367	3.6	52.4	2.4	21.4
5368	3.6	55.6	2.4	23.2
5369	3.1	59.8	2.6	22.9
5371	3.8	56.9	2.5	22.9
5372	4.0	51.6	2.4	21.3
5373	3.4	59.8	2.5	23.6
5393	3.8	54.4	2.3	24.0
5394	3.3	59.8	2.3	25.9
5395	3.4	57.8	2.2	26.0
5396	4.3	57.8	2.3	25.1
5397	3.3	57.7	2.2	26.5
5398	3.8	56.8	2.1	26.6
5399	3.5	56.1	2.2	26.0
5414	5.4	57.6	2.6	22.4
5415	3.7	56.9	2.5	22.9
5416	3.6	61.7	2.6	23.6
5418	3.7	60.4	2.7	22.0
5419	4.5	58.0	2.4	23.8
5420	4.4	57.7	2.5	23.4
5421	4.2	54.4	2.3	23.3
5422	4.0	58.6	2.7	21.5
5424	3.7	55.9	2.2	26.7
5425	4.0	56.1	2.5	22.7
5426	4.3	49.4	2.4	20.7
5427	3.7	55.3	2.2	25.9
5428	3.5	56.3	2.3	24.4
5430	4.0	50.7	2.3	22.0
5431	5.2	56.0	2.4	23.0
5432	3.8	50.4	2.2	22.8
5433	3.8	54.9	2.1	26.0
5435	4.3	57.6	2.5	22.6
5436	3.7	58.9	2.2	26.3
5437	3.4	57.2	2.1	26.7
5438	3.7	57.8	2.2	26.5
5439	3.9	57.1	2.2	26.4
5440	4.0	56.8	2.2	26.3
5441	4.8	53.8	2.3	23.0
5443	3.7	55.0	2.2	25.6
5444	3.5	58.1	2.2	26.0
5445	4.0	55.5	2.2	25.7
5446	3.8	56.4	2.1	26.6
5448	3.1	56.4	2.2	25.4
5451	3.8	52.5	2.1	25.1
5453	3.0	53.8	2.4	22.8
5456	4.4	63.1	2.6	24.7
5459	3.8	60.4	2.6	23.7
5460	4.6	53.3	2.4	22.1
5461	3.5	55.2	2.3	25.9
5462	3.7	54.0	2.3	26.4
5463	3.1	60.9	2.3	26.3
5464	4.0	55.8	2.2	26.0
5465	4.6	57.6	2.5	22.7
5467	3.5	58.2	2.2	26.3
5468	3.5	53.3	2.1	25.7
5469	3.9	58.2	2.2	26.0
5470	4.9	63.0	2.8	22.4
5471	4.0	60.3	2.6	23.6
5473	4.1	57.5	2.1	26.8
5474	4.2	56.2	2.3	24.9
5475	4.2	57.3	2.3	25.4
5476	3.8	59.5	2.4	24.7
5478	3.2	56.9	2.1	27.1
5479	3.5	57.9	2.3	25.7
5481	5.2	54.9	2.5	21.6
5482	3.2	60.6	2.4	25.4
5485	4.6	60.3	2.6	23.1
5486	3.6	56.8	2.1	26.5
5487	3.4	57.5	2.1	27.2
5489	3.5	55.5	2.2	26.2
5490	4.0	58.2	2.3	25.5
5504	4.2	53.5	2.3	25.4
5505	5.2	50.0	2.2	22.9
5506	4.7	52.9	2.3	24.8
5511	4.4	55.6	2.2	25.2
5512	4.5	55.3	2.2	25.5
5513	4.3	49.5	2.0	24.8
5514	4.6	54.9	2.3	25.6
5517	4.5	51.4	2.2	23.2
5520	4.5	58.0	2.2	25.8
5523	4.4	52.7	2.3	23.3
5525	4.4	54.5	2.2	25.7
5527	4.5	54.4	2.4	24.9
5528	4.5	54.5	2.2	26.0
5529	4.2	56.3	2.2	25.9
5530	4.5	55.3	2.2	25.5
5531	4.2	48.9	2.4	20.5
5532	3.9	53.1	2.2	25.2
5534	4.8	53.8	2.2	25.4
5536	4.1	56.0	2.2	25.8
5537	4.8	57.2	2.2	25.5
5538	3.9	56.2	2.2	26.1
5541	3.4	56.5	2.2	25.5
5543	3.7	55.2	2.1	26.3
5544	4.0	56.9	2.2	25.9
5547	4.4	59.3	2.4	25.0
5548	4.6	57.9	2.5	22.9
5549	4.2	50.7	2.3	22.3
5550	4.0	50.3	2.2	23.1
5551	4.7	50.6	2.3	21.8
5553	4.1	58.3	2.6	22.4
5554	4.3	56.3	2.5	22.4
5555	5.4	56.8	2.4	23.3
5556	4.7	55.1	2.6	21.4
5558	4.8	61.6	2.6	23.4
5559	4.1	57.1	2.2	25.5
5560	5.0	53.2	2.5	21.0
5562	4.5	61.3	2.6	23.2
5564	3.6	53.2	2.2	26.3
5565	4.2	57.1	2.7	21.3
5566	5.3	51.1	2.4	21.4
5567	4.9	62.1	2.4	25.9
5568	3.9	53.5	2.2	24.0
5570	3.8	56.3	2.4	23.6
5572	4.7	61.9	2.7	23.1
5573	4.2	57.1	2.2	26.4
5574	3.7	58.1	2.3	25.6
5575	4.2	63.5	2.8	22.8
5577	4.9	57.6	2.7	21.2
5578	3.7	58.8	2.4	24.9
5579	3.8	59.3	2.3	26.3
5580	3.7	59.0	2.3	25.5
5581	3.6	57.5	2.3	25.3
5583	3.9	51.4	2.4	21.2
5585	4.9	55.9	2.4	23.0
5587	4.1	48.3	2.2	21.7
5588	4.2	56.0	2.2	26.2
5589	4.5	60.2	2.5	24.4
5592	4.9	52.9	2.3	23.4
5593	4.2	58.9	2.3	25.6
5594	4.0	50.3	2.3	22.2
5596	5.1	59.0	2.3	26.2
5597	4.8	57.7	2.3	25.6
5598	5.0	59.2	2.3	26.2
5599	4.3	56.9	2.3	27.0
5632	5.1	48.9	2.4	20.5
5634	4.8	55.4	2.2	25.1
5635	5.1	61.4	2.8	21.7
5636	5.6	57.6	2.5	23.2
5637	3.8	56.5	2.2	25.9
5638	3.8	56.9	2.2	26.5
5640	4.4	57.3	2.2	26.4
5641	5.2	55.7	2.2	25.3
5642	6.6	51.0	2.3	22.2
5643	4.7	53.6	2.2	24.6
5644	3.9	60.0	2.2	27.3
5645	3.7	58.8	2.2	26.5
5648	3.6	52.3	2.3	22.3
5650	4.1	53.4	2.5	21.7
5651	4.2	55.3	2.2	25.5
5652	3.9	53.3	2.2	24.4
5653	4.2	51.8	2.6	20.1
5654	3.4	55.5	2.2	24.7
5655	4.0	55.2	2.1	25.7
5656	3.8	52.2	2.2	23.9
5657	3.9	56.8	2.2	25.6
5660	4.9	47.8	2.6	18.7
5662	3.7	53.5	2.2	24.9
5663	3.3	50.9	2.3	22.2
5665	5.0	48.4	2.4	20.3
5666	4.0	59.9	2.5	23.9
5685	3.9	57.5	2.5	22.8
5687	3.8	60.4	2.6	23.2
5688	3.8	58.2	2.2	26.0
5689	4.9	56.7	2.2	25.4
5690	3.8	63.4	2.5	25.8
5691	4.8	58.9	2.3	25.2
5692	3.3	62.4	2.4	26.1
5693	3.9	59.7	2.3	26.0
5694	6.2	57.0	2.6	21.7
5696	5.1	58.1	2.5	22.9
5698	4.0	60.4	2.6	23.3
5701	4.1	61.8	2.4	25.4
5705	3.8	58.9	2.3	26.2
5706	4.0	62.7	2.6	24.5
5707	4.7	59.7	2.6	22.8
5708	4.6	60.9	2.7	22.9
5709	4.3	61.6	2.6	23.9
5713	4.1	61.8	2.5	24.8
5715	4.0	61.4	2.6	23.5
5717	4.0	60.1	2.8	21.8
5718	4.3	56.7	2.5	22.5
5719	3.9	59.0	2.2	26.3
5720	4.7	59.9	2.7	22.3
5721	4.6	61.9	2.7	22.6
5722	4.4	56.5	2.7	21.2
5725	4.4	56.4	2.5	22.1
5726	4.4	60.9	2.4	25.0
5727	4.6	60.6	2.6	23.1
5728	5.8	51.3	2.6	19.4
5729	4.4	53.8	2.2	24.4
5730	4.1	61.6	2.7	23.2
5731	4.8	62.2	2.8	22.6
5732	4.0	60.6	2.4	25.4
5733	3.9	60.1	2.4	24.8
5737	3.9	60.0	2.3	25.7
5739	4.6	62.9	2.6	24.3
5741	4.0	58.6	2.3	26.0
5742	4.6	62.6	2.7	23.4
5744	3.8	65.3	2.8	23.0
5745	4.1	60.8	2.7	22.4
5746	5.0	58.9	2.7	22.2
5747	6.3	62.7	2.7	23.6
5748	4.5	62.0	2.7	22.7
5749	4.6	58.4	2.3	25.8
5750	4.3	60.9	2.6	23.8
5751	4.0	55.2	2.5	21.8
5753	6.4	62.8	2.8	22.7
5754	4.3	61.9	2.7	23.0
5756	3.8	60.6	2.7	22.1
5758	4.9	62.4	2.5	24.7
5759	4.0	60.6	2.3	26.0
5762	2.9	55.9	2.3	27.0
5764	4.4	53.4	2.2	24.6
5765	3.9	53.4	2.4	22.6
5766	4.2	59.5	2.3	25.7
5767	3.5	59.5	2.4	25.0
5769	3.3	57.3	2.2	26.4
5771	4.0	61.9	2.6	23.5
5772	3.9	56.2	2.6	21.9
5773	3.8	59.0	2.3	25.9
5775	3.7	58.2	2.1	27.4
5776	4.2	59.7	2.2	26.6
5777	3.7	60.1	2.7	22.4
5778	4.3	52.3	2.2	24.3
5779	3.9	62.9	2.7	23.1
5781	4.4	58.2	2.6	22.6
5783	4.7	54.0	2.3	23.4
5784	4.2	59.1	2.2	26.4
5786	4.0	61.8	2.6	23.4
5787	3.5	58.0	2.2	26.0
5788	5.7	58.3	2.5	23.5
5790	4.7	52.7	2.6	20.3
5791	4.3	53.9	2.6	20.4
5792	3.7	62.9	2.5	25.1
5794	4.0	58.0	2.2	26.7
5795	4.0	57.6	2.2	26.3
5796	4.5	57.2	2.2	25.7
5829	4.5	52.9	2.3	22.9
5830	5.7	58.7	2.6	22.8
5833	3.6	58.0	2.2	26.1
5835	4.5	56.3	2.2	25.2
5837	4.6	56.6	2.2	25.6
5838	3.4	62.2	2.5	25.3
5839	4.7	62.9	2.8	22.3
5840	6.4	52.7	2.3	23.1
5841	4.6	59.2	2.3	25.5
5842	4.4	54.7	2.2	25.0
5843	4.3	63.3	2.5	25.5
5844	3.9	62.3	2.8	21.9
5845	4.3	63.0	2.5	25.4
5846	4.2	62.3	2.4	25.5
5847	5.0	63.0	2.8	22.6
5848	4.6	61.7	2.6	23.7
5849	4.4	53.3	2.2	24.4
5850	5.7	57.2	2.5	22.8
5856	4.2	63.7	2.6	24.6
5860	4.7	56.5	2.6	22.1
5861	4.5	54.0	2.6	20.7
5866	4.8	51.7	2.6	19.9
5868	4.8	55.9	2.4	22.9
5869	4.1	63.1	2.6	24.4
5870	4.0	59.7	2.3	25.7
5872	4.2	58.8	2.4	24.7
5873	4.4	62.5	2.7	22.8
5875	3.4	57.6	2.2	26.0
5876	3.5	59.2	2.3	25.4
5879	3.7	59.8	2.3	26.2
5880	4.2	57.9	2.3	25.6
5882	3.8	57.1	2.3	25.2
5884	3.7	59.2	2.2	26.7
5885	4.4	50.3	2.2	22.5
5887	3.8	56.6	2.2	26.2
5889	3.9	57.4	2.2	25.7
5890	4.1	53.5	2.1	27.5
5892	3.7	56.4	2.2	25.5
5893	4.7	55.6	2.7	20.6
5895	4.0	53.8	2.2	25.5
5896	4.0	58.7	2.3	25.9
5897	3.6	57.2	2.2	26.3
5900	3.6	59.6	2.3	26.0
5904	4.6	53.2	2.6	20.7
5905	3.6	61.0	2.3	26.7
5906	4.1	57.9	2.2	26.2
5907	3.9	57.9	2.2	26.3
5908	3.9	58.2	2.2	26.1
5909	3.9	57.9	2.2	26.2
5911	4.3	56.3	2.5	22.6
5912	4.6	58.1	2.4	23.8
5914	3.7	56.5	2.3	25.1
5915	3.9	60.7	2.5	24.2
5916	3.9	56.7	2.3	25.2
5917	3.9	58.1	2.2	25.9
5919	3.9	58.4	2.2	26.2
5920	3.8	59.3	2.2	26.5
5924	3.6	58.1	2.2	26.1
5926	4.3	57.2	2.5	23.1
5927	4.0	57.6	2.5	23.1
5928	3.7	58.2	2.2	26.5
5930	4.5	55.3	2.3	24.2
5932	3.9	57.2	2.5	23.1
5933	3.3	58.8	2.2	26.2
5934	3.6	61.3	2.6	24.0
5936	3.8	60.9	2.4	25.8
5937	3.9	58.8	2.2	26.2
6259	6.0	56.3	2.3	25.0
6301	4.8	52.5	2.2	24.8
6304	6.2	52.5	2.2	24.4
6305	5.8	57.3	2.6	21.7
6307	5.1	54.3	2.3	24.1
6308	5.1	47.8	2.3	21.2
6309	4.6	48.9	2.3	21.0
6315	4.7	55.8	2.1	26.3
6317	4.2	53.6	2.1	26.0
6319	4.7	55.1	2.1	26.9
6320	4.5	56.4	2.1	27.4
6321	4.6	51.3	2.1	24.0
6322	5.6	52.5	2.1	24.7
6323	4.8	54.4	2.3	23.3
6327	4.5	54.4	2.1	26.4
6328	4.4	56.1	2.2	25.4
6329	5.4	52.5	2.1	25.5
6330	5.2	62.6	2.7	23.2
6331	5.4	50.7	2.4	20.8
6333	5.6	52.7	2.5	21.4
6334	5.4	58.6	2.3	25.3
6335	5.5	60.7	2.7	22.3
6349	4.7	56.5	2.2	25.9
6350	4.2	51.4	2.4	21.2
6351	4.4	57.6	2.5	22.8
6352	5.4	53.3	2.2	24.1
6354	4.8	60.0	2.6	22.9
6356	4.9	56.3	2.5	23.0
6357	4.3	53.9	2.2	24.9
6358	5.3	55.7	2.1	26.5
6360	5.4	59.3	2.3	26.2
6361	5.2	58.9	2.2	26.2
6364	4.9	57.8	2.2	26.6
6367	4.4	52.2	2.3	22.5
6368	4.6	55.0	2.2	25.3
6381	4.3	53.3	2.1	25.6
6382	4.7	53.3	2.1	25.2
6383	4.9	54.0	2.2	24.2
6384	4.8	52.1	2.1	24.6
6387	4.2	51.3	2.4	21.6
6390	5.1	49.9	2.3	21.7
6391	5.1	51.6	2.4	21.5
6396	4.6	49.6	2.3	21.3
6397	5.3	58.2	2.6	22.4
6399	5.3	55.4	2.2	25.2
6401	4.4	47.6	2.2	21.5
6402	3.9	55.7	2.2	26.1
6404	5.1	46.3	2.4	19.0
6406	4.5	47.1	2.4	19.3
6407	5.2	55.2	2.2	25.1
6408	5.0	55.3	2.2	25.7
6409	5.0	55.1	2.2	25.4
6410	5.0	52.6	2.2	23.9
6411	4.0	54.3	2.2	24.4
6412	3.4	52.0	2.4	21.6
6413	4.9	54.2	2.1	26.0
6414	5.0	54.3	2.1	25.4
6415	5.0	55.0	2.2	25.5
6416	4.1	54.3	2.1	26.5
6417	3.3	56.1	2.2	26.0
6419	3.4	55.5	2.2	25.6
6420	3.3	56.2	2.2	25.8
6422	3.5	55.3	2.2	25.6
6423	3.6	55.7	2.2	25.5
6424	4.1	57.9	2.3	24.9
6425	3.9	53.8	2.1	26.8
6427	4.7	56.3	2.2	25.5
6428	3.5	54.4	2.0	27.5
6430	3.9	50.4	2.0	25.2
6431	3.2	53.8	2.3	23.7
6433	3.7	52.8	2.0	27.6
6434	5.3	48.3	2.2	21.8
6435	3.2	52.6	2.2	24.2
6436	3.7	53.3	2.0	26.4
6437	3.4	55.8	2.2	26.0
6438	3.4	54.9	2.1	26.5
6439	3.7	54.9	2.0	27.1
6440	3.1	53.1	2.1	24.7
6441	3.8	49.2	2.1	24.6
6442	3.5	52.1	2.1	26.2
6443	3.8	53.5	2.1	26.1
6446	3.4	53.5	2.1	26.5
6468	3.7	55.5	2.3	24.0
6469	3.2	53.8	2.1	25.8
6471	3.1	55.1	2.1	27.2
6473	3.9	54.9	2.1	26.1
6474	3.5	55.1	2.1	26.2
6476	3.3	56.4	2.2	26.1
6477	3.5	53.7	2.1	26.3
6478	3.9	52.3	2.1	24.5
6479	3.0	57.5	2.2	26.1
6480	3.5	56.1	2.2	25.1
6483	3.4	55.1	2.0	27.3
6484	4.0	57.1	2.2	25.5
6485	4.0	57.1	2.3	24.9
6486	3.4	54.1	2.5	21.8
6487	3.8	57.2	2.3	25.1
6488	3.5	55.6	2.2	25.4
6489	3.6	57.0	2.2	25.8
6491	4.1	59.6	2.3	26.2
6492	3.8	58.4	2.2	26.2
6497	3.7	55.4	2.2	25.1
6498	4.0	59.9	2.2	27.1
6500	3.7	59.8	2.3	26.6
6503	3.5	58.5	2.2	26.3
6504	3.7	56.0	2.2	26.7
6506	3.4	57.3	2.2	26.4
6507	4.5	42.0	2.2	20.5
6508	3.7	55.6	2.2	25.3
6509	3.5	57.4	2.1	26.9
6511	3.4	56.0	2.1	26.5
6512	3.4	55.5	2.1	26.6
6515	3.3	53.6	2.1	27.5
6518	3.7	55.1	2.1	26.4
6519	3.2	50.6	2.1	25.7
6520	3.7	59.8	2.3	25.9
6521	3.7	59.3	2.3	26.1
6523	3.7	58.1	2.1	27.4
6524	3.9	59.9	2.3	26.4
6527	3.2	55.3	2.0	27.2
6528	3.4	55.1	2.0	27.2
6529	3.6	48.2	2.2	22.0
6531	3.7	58.7	2.2	26.9
6532	3.4	54.6	2.1	25.6
6533	3.5	54.1	2.1	25.6
6534	3.4	55.6	2.1	27.1
6535	3.4	55.9	2.1	27.1
6536	3.5	55.4	2.1	26.4
6537	3.2	57.0	2.1	27.2
6538	3.7	54.6	2.4	22.8
6539	3.5	54.3	2.1	26.0
6540	3.6	54.1	2.1	26.1
6541	3.4	55.7	2.1	26.3
6543	3.3	51.2	2.2	23.4
6544	3.5	54.9	2.1	26.4
6547	3.5	51.5	2.4	21.6
6561	3.4	55.4	2.1	26.1
6562	3.2	54.5	2.2	25.9
6563	4.4	54.7	2.2	25.0
6564	3.9	54.6	2.2	25.8
6565	3.9	52.7	2.2	24.5
6566	3.7	50.6	2.2	24.4
6567	3.3	55.9	2.2	25.6
6568	3.4	50.5	2.2	24.8
6571	3.3	52.2	2.2	25.4
6572	3.4	52.0	2.2	25.5
6573	3.2	53.9	2.2	25.4
6574	3.1	56.8	2.2	26.2
6575	3.7	51.5	2.1	25.9
6576	3.1	57.0	2.1	26.5
6579	3.3	54.9	2.1	26.5
6582	3.3	56.2	2.3	24.5
6583	2.7	54.8	2.1	27.1
6585	3.3	51.5	2.0	26.1
6587	2.9	55.1	2.0	27.2
6588	2.9	54.1	2.1	25.2
6589	2.9	50.7	2.3	22.2
6591	3.1	56.4	2.1	26.8
6592	4.6	56.2	2.2	25.8
6593	3.1	55.4	2.1	26.2
6594	2.9	48.3	2.1	23.2
6595	3.8	51.4	2.1	25.1
6596	3.1	53.0	2.0	26.2
6598	4.7	55.4	2.2	25.5
6600	3.6	53.2	2.1	25.3
6601	3.6	55.1	2.2	25.6
6603	3.5	53.3	2.2	26.0
6604	4.7	56.3	2.2	26.0
6605	4.8	54.9	2.2	25.3
6607	3.1	51.8	2.2	26.8
6608	3.2	47.3	2.2	23.1
6609	3.2	54.6	2.2	25.8
6611	3.3	52.6	2.2	25.0
6612	3.5	52.3	2.2	25.8
6613	3.4	55.4	2.1	25.9
6614	3.3	53.7	2.1	25.2
6615	4.0	50.9	2.1	26.7
6617	4.7	56.0	2.2	25.7
6618	4.2	57.9	2.3	25.6
6620	4.2	53.0	2.2	24.2
6621	3.1	51.5	2.0	27.4
6622	5.0	55.0	2.1	25.8
6623	4.0	53.2	2.1	25.6
6624	3.4	54.3	2.1	25.8
6625	5.0	55.2	2.1	25.7
6626	3.6	52.3	2.0	25.7
6627	3.5	52.5	2.1	25.5
6628	3.6	53.2	2.2	24.7
6629	3.1	54.7	2.0	27.1
6631	3.1	54.6	2.0	27.0
6632	2.6	52.0	2.0	27.8
6634	3.8	56.4	2.2	25.9
6635	3.4	56.7	2.2	25.3
6636	3.4	54.6	2.1	25.8
6639	3.4	52.5	2.0	26.3
6640	3.5	52.7	2.0	26.3
6643	2.7	53.6	2.1	26.6
6644	2.7	55.4	2.1	28.4
6647	2.9	53.5	2.1	26.4
6650	3.1	53.8	2.1	26.8
6651	3.2	53.4	2.1	25.9
6652	2.9	54.0	2.1	27.2
6654	3.0	54.5	2.1	28.0
6655	3.0	53.1	2.1	27.5
6656	3.0	54.7	2.1	27.5
6659	4.8	52.5	2.2	23.5
6660	4.5	51.5	2.1	25.0
6663	3.5	53.9	2.1	25.9
6664	2.9	52.4	2.0	27.6
6665	3.5	54.7	2.1	26.5
6666	3.5	52.5	2.1	25.3
6667	3.4	55.7	2.1	26.9
6668	3.6	59.9	2.2	27.2
6670	3.5	52.5	2.1	24.6
6671	4.2	51.7	2.0	25.6
6672	4.0	51.4	2.0	26.2
6674	3.4	54.6	2.1	26.7
6675	3.8	52.7	2.0	25.9
6676	3.4	55.9	2.1	26.5
6677	3.3	58.9	2.3	25.9
6678	3.7	56.4	2.5	22.8
6679	3.5	57.0	2.2	25.8
6680	3.1	55.0	2.0	27.5
6681	3.7	55.7	2.2	25.9
6682	3.1	56.9	2.3	25.2
6685	3.6	50.3	2.2	22.5
6687	3.5	57.8	2.2	26.2
6688	7.3	57.4	2.7	21.1
6689	4.1	53.2	2.1	25.8
6690	7.2	57.8	2.7	21.7
6692	3.8	53.5	2.0	26.2
6693	4.6	51.9	2.0	25.7
6694	4.2	49.0	2.2	22.6
6717	5.4	57.0	2.3	24.4
6718	5.2	56.9	2.3	24.6
6720	4.8	54.1	2.1	25.5
6721	5.2	56.5	2.2	25.1
6722	4.5	54.4	2.2	25.2
6723	4.6	56.4	2.2	25.4
6724	4.9	53.0	2.1	24.8
6725	4.8	57.2	2.4	23.5
6726	3.8	51.1	2.4	21.3
6727	4.4	54.0	2.1	25.5
6728	3.5	52.7	2.0	25.8
6729	4.7	55.9	2.5	22.1
6732	3.8	50.5	2.2	22.9
6733	3.5	55.3	2.2	25.3
6734	4.9	60.8	2.7	22.5
6736	3.5	58.3	2.2	26.4
6738	3.7	53.9	2.1	25.4
6739	3.2	55.3	2.1	26.1
6740	3.7	50.8	2.4	21.0
6742	3.6	54.1	2.1	25.9
6743	3.6	53.9	2.1	25.8
6744	3.3	56.5	2.2	25.9
6745	4.1	55.5	2.1	26.7
6746	3.3	58.3	2.2	27.0
6747	3.7	55.9	2.1	26.8
6748	4.7	56.2	2.3	24.1
6749	4.7	56.2	2.2	25.3
6751	3.4	56.3	2.1	27.2
6753	3.4	56.6	2.1	26.5
6754	3.5	56.0	2.1	26.7
6755	3.5	56.9	2.1	27.2
6756	3.5	53.1	2.1	26.0
6757	3.8	53.0	2.1	26.4
6758	3.9	55.3	2.2	25.6
6760	3.7	54.8	2.1	26.3
6761	3.6	55.3	2.1	27.0
6762	3.5	56.1	2.1	26.2
6763	3.9	55.7	2.1	26.0
6764	3.7	55.6	2.2	25.8
6765	4.1	53.3	2.1	25.5
6767	3.9	50.5	2.1	24.4
6768	3.5	53.9	2.2	25.0
6770	3.9	55.1	2.1	26.7
6771	3.8	55.4	2.1	26.4
6797	4.0	58.1	2.2	26.3
6798	3.9	57.9	2.2	26.3
6799	4.9	55.5	2.1	26.7
6802	4.2	50.6	1.9	26.2
6803	3.7	56.1	2.2	25.6
6804	3.5	55.8	2.1	26.0
6805	4.1	54.9	2.1	26.1
6809	5.0	52.4	2.3	22.6
6810	6.1	58.0	2.4	23.8
6811	5.0	57.2	2.4	23.4
6813	5.0	57.1	2.3	25.3
6814	5.1	57.7	2.3	25.3
6815	5.8	59.5	2.6	23.1
6816	5.5	56.8	2.4	23.6
6818	5.2	51.9	2.4	21.2
6819	4.5	55.6	2.2	25.8
6820	5.6	57.1	2.4	23.3
6821	6.3	56.0	2.4	23.5
6822	5.6	51.3	2.5	20.9
6824	4.4	56.5	2.1	26.4
6825	5.6	59.1	2.6	22.4
6826	5.0	50.6	2.1	23.7
6827	4.3	57.4	2.1	27.0
6828	6.0	57.4	2.5	22.8
6829	4.9	53.8	2.2	24.9
6830	4.9	51.8	2.4	21.8
6834	4.0	57.4	2.1	27.1
6835	3.9	55.4	2.1	27.4
6837	3.9	47.6	2.1	22.5
6840	3.6	56.1	2.1	27.5
6842	5.2	54.9	2.2	24.9
6843	4.0	57.7	2.2	26.4
6844	3.9	55.8	2.2	25.9
6845	4.9	55.6	2.1	26.3
6847	3.9	56.0	2.1	26.8
6848	4.9	54.5	2.2	24.4
6850	5.9	55.1	2.4	23.4
6851	5.6	57.5	2.5	23.4
6853	5.1	52.7	2.4	22.0
6855	5.1	55.2	2.2	25.3
6856	4.6	55.7	2.2	25.5
6859	4.7	55.4	2.2	25.2
6860	4.2	53.1	2.1	24.9
6867	4.5	54.7	2.2	24.8
6868	4.5	55.5	2.2	25.4
6872	7.2	52.9	2.4	22.5
6874	5.1	52.1	2.2	24.2
6875	5.7	55.9	2.5	22.8
6876	4.0	52.3	2.2	23.8
6877	4.6	48.7	2.1	23.5
6879	4.5	49.3	2.1	23.6
6881	5.5	58.2	2.6	22.8
6882	4.0	48.9	2.2	22.5
6885	4.7	54.1	2.2	24.3
6887	4.0	53.5	2.1	26.1
6889	5.6	57.0	2.5	22.8
6891	5.2	57.1	2.3	24.7
6893	6.1	57.7	2.7	21.5
6894	4.5	53.1	2.5	21.6
6896	4.0	49.0	2.6	18.6
6897	5.5	56.9	2.4	23.3
6899	4.5	52.4	2.4	22.0
6900	4.7	56.2	2.3	24.5
6901	4.4	55.1	2.2	25.0
6903	4.6	51.4	2.2	22.9
6904	4.4	49.5	2.4	20.2
6905	4.7	52.4	2.2	23.6
6906	5.3	59.1	2.5	23.2
6908	4.7	55.9	2.3	24.4
6909	4.5	59.5	2.3	26.0
6913	4.6	57.0	2.2	26.1
6915	4.4	48.0	2.1	22.8
6916	4.5	54.5	2.2	25.3
6917	3.9	55.1	2.1	25.9
6918	5.7	60.4	2.6	23.4
6919	4.2	51.7	2.2	23.7
6920	4.1	59.4	2.3	26.0
6921	5.5	55.4	2.5	22.1
6923	5.2	54.4	2.5	22.0
6924	5.1	55.7	2.6	21.5
6925	5.2	57.5	2.3	24.8
6926	4.3	48.4	2.1	23.5
6927	5.0	53.4	2.5	21.6
6928	5.0	48.1	2.0	24.2
6929	5.0	59.4	2.4	24.4
6930	4.9	52.9	2.1	25.4
6931	4.5	59.1	2.6	23.0
6932	4.7	57.0	2.2	26.1
6934	5.1	53.3	2.2	24.1
6936	5.1	57.1	2.3	24.9
6939	4.8	53.6	2.6	20.5
6975	4.4	56.5	2.2	26.0
6976	5.4	58.0	2.2	26.0
6978	5.6	51.8	2.0	25.5
6979	6.0	61.0	2.7	22.8
6980	5.9	60.5	2.7	22.5
6983	5.3	56.8	2.2	25.5
6986	4.7	56.8	2.1	26.6
6989	5.0	58.1	2.5	22.8
6990	5.4	57.2	2.3	24.8
7009	6.0	56.9	2.4	24.0
7010	4.5	52.3	2.1	25.5
7011	5.3	59.2	2.5	23.6
7012	4.9	49.0	2.3	21.0
7013	6.4	60.5	2.6	23.1
7014	5.5	50.8	2.3	22.5
7015	5.1	55.2	2.2	24.7
7017	5.0	51.8	2.1	24.7
7018	5.6	62.8	2.7	22.9
7019	5.9	57.3	2.2	25.8
7020	4.9	51.1	2.3	22.6
7021	4.8	51.5	2.3	22.8
7022	6.6	56.1	2.3	24.6
7026	5.9	55.6	2.2	25.1
